name,type,direction,description
feat_0000,float,,Feature 0 of the CheMeleon embedding
feat_0001,float,,Feature 1 of the CheMeleon embedding
feat_0002,float,,Feature 2 of the CheMeleon embedding
feat_0003,float,,Feature 3 of the CheMeleon embedding
feat_0004,float,,Feature 4 of the CheMeleon embedding
feat_0005,float,,Feature 5 of the CheMeleon embedding
feat_0006,float,,Feature 6 of the CheMeleon embedding
feat_0007,float,,Feature 7 of the CheMeleon embedding
feat_0008,float,,Feature 8 of the CheMeleon embedding
feat_0009,float,,Feature 9 of the CheMeleon embedding
feat_0010,float,,Feature 10 of the CheMeleon embedding
feat_0011,float,,Feature 11 of the CheMeleon embedding
feat_0012,float,,Feature 12 of the CheMeleon embedding
feat_0013,float,,Feature 13 of the CheMeleon embedding
feat_0014,float,,Feature 14 of the CheMeleon embedding
feat_0015,float,,Feature 15 of the CheMeleon embedding
feat_0016,float,,Feature 16 of the CheMeleon embedding
feat_0017,float,,Feature 17 of the CheMeleon embedding
feat_0018,float,,Feature 18 of the CheMeleon embedding
feat_0019,float,,Feature 19 of the CheMeleon embedding
feat_0020,float,,Feature 20 of the CheMeleon embedding
feat_0021,float,,Feature 21 of the CheMeleon embedding
feat_0022,float,,Feature 22 of the CheMeleon embedding
feat_0023,float,,Feature 23 of the CheMeleon embedding
feat_0024,float,,Feature 24 of the CheMeleon embedding
feat_0025,float,,Feature 25 of the CheMeleon embedding
feat_0026,float,,Feature 26 of the CheMeleon embedding
feat_0027,float,,Feature 27 of the CheMeleon embedding
feat_0028,float,,Feature 28 of the CheMeleon embedding
feat_0029,float,,Feature 29 of the CheMeleon embedding
feat_0030,float,,Feature 30 of the CheMeleon embedding
feat_0031,float,,Feature 31 of the CheMeleon embedding
feat_0032,float,,Feature 32 of the CheMeleon embedding
feat_0033,float,,Feature 33 of the CheMeleon embedding
feat_0034,float,,Feature 34 of the CheMeleon embedding
feat_0035,float,,Feature 35 of the CheMeleon embedding
feat_0036,float,,Feature 36 of the CheMeleon embedding
feat_0037,float,,Feature 37 of the CheMeleon embedding
feat_0038,float,,Feature 38 of the CheMeleon embedding
feat_0039,float,,Feature 39 of the CheMeleon embedding
feat_0040,float,,Feature 40 of the CheMeleon embedding
feat_0041,float,,Feature 41 of the CheMeleon embedding
feat_0042,float,,Feature 42 of the CheMeleon embedding
feat_0043,float,,Feature 43 of the CheMeleon embedding
feat_0044,float,,Feature 44 of the CheMeleon embedding
feat_0045,float,,Feature 45 of the CheMeleon embedding
feat_0046,float,,Feature 46 of the CheMeleon embedding
feat_0047,float,,Feature 47 of the CheMeleon embedding
feat_0048,float,,Feature 48 of the CheMeleon embedding
feat_0049,float,,Feature 49 of the CheMeleon embedding
feat_0050,float,,Feature 50 of the CheMeleon embedding
feat_0051,float,,Feature 51 of the CheMeleon embedding
feat_0052,float,,Feature 52 of the CheMeleon embedding
feat_0053,float,,Feature 53 of the CheMeleon embedding
feat_0054,float,,Feature 54 of the CheMeleon embedding
feat_0055,float,,Feature 55 of the CheMeleon embedding
feat_0056,float,,Feature 56 of the CheMeleon embedding
feat_0057,float,,Feature 57 of the CheMeleon embedding
feat_0058,float,,Feature 58 of the CheMeleon embedding
feat_0059,float,,Feature 59 of the CheMeleon embedding
feat_0060,float,,Feature 60 of the CheMeleon embedding
feat_0061,float,,Feature 61 of the CheMeleon embedding
feat_0062,float,,Feature 62 of the CheMeleon embedding
feat_0063,float,,Feature 63 of the CheMeleon embedding
feat_0064,float,,Feature 64 of the CheMeleon embedding
feat_0065,float,,Feature 65 of the CheMeleon embedding
feat_0066,float,,Feature 66 of the CheMeleon embedding
feat_0067,float,,Feature 67 of the CheMeleon embedding
feat_0068,float,,Feature 68 of the CheMeleon embedding
feat_0069,float,,Feature 69 of the CheMeleon embedding
feat_0070,float,,Feature 70 of the CheMeleon embedding
feat_0071,float,,Feature 71 of the CheMeleon embedding
feat_0072,float,,Feature 72 of the CheMeleon embedding
feat_0073,float,,Feature 73 of the CheMeleon embedding
feat_0074,float,,Feature 74 of the CheMeleon embedding
feat_0075,float,,Feature 75 of the CheMeleon embedding
feat_0076,float,,Feature 76 of the CheMeleon embedding
feat_0077,float,,Feature 77 of the CheMeleon embedding
feat_0078,float,,Feature 78 of the CheMeleon embedding
feat_0079,float,,Feature 79 of the CheMeleon embedding
feat_0080,float,,Feature 80 of the CheMeleon embedding
feat_0081,float,,Feature 81 of the CheMeleon embedding
feat_0082,float,,Feature 82 of the CheMeleon embedding
feat_0083,float,,Feature 83 of the CheMeleon embedding
feat_0084,float,,Feature 84 of the CheMeleon embedding
feat_0085,float,,Feature 85 of the CheMeleon embedding
feat_0086,float,,Feature 86 of the CheMeleon embedding
feat_0087,float,,Feature 87 of the CheMeleon embedding
feat_0088,float,,Feature 88 of the CheMeleon embedding
feat_0089,float,,Feature 89 of the CheMeleon embedding
feat_0090,float,,Feature 90 of the CheMeleon embedding
feat_0091,float,,Feature 91 of the CheMeleon embedding
feat_0092,float,,Feature 92 of the CheMeleon embedding
feat_0093,float,,Feature 93 of the CheMeleon embedding
feat_0094,float,,Feature 94 of the CheMeleon embedding
feat_0095,float,,Feature 95 of the CheMeleon embedding
feat_0096,float,,Feature 96 of the CheMeleon embedding
feat_0097,float,,Feature 97 of the CheMeleon embedding
feat_0098,float,,Feature 98 of the CheMeleon embedding
feat_0099,float,,Feature 99 of the CheMeleon embedding
feat_0100,float,,Feature 100 of the CheMeleon embedding
feat_0101,float,,Feature 101 of the CheMeleon embedding
feat_0102,float,,Feature 102 of the CheMeleon embedding
feat_0103,float,,Feature 103 of the CheMeleon embedding
feat_0104,float,,Feature 104 of the CheMeleon embedding
feat_0105,float,,Feature 105 of the CheMeleon embedding
feat_0106,float,,Feature 106 of the CheMeleon embedding
feat_0107,float,,Feature 107 of the CheMeleon embedding
feat_0108,float,,Feature 108 of the CheMeleon embedding
feat_0109,float,,Feature 109 of the CheMeleon embedding
feat_0110,float,,Feature 110 of the CheMeleon embedding
feat_0111,float,,Feature 111 of the CheMeleon embedding
feat_0112,float,,Feature 112 of the CheMeleon embedding
feat_0113,float,,Feature 113 of the CheMeleon embedding
feat_0114,float,,Feature 114 of the CheMeleon embedding
feat_0115,float,,Feature 115 of the CheMeleon embedding
feat_0116,float,,Feature 116 of the CheMeleon embedding
feat_0117,float,,Feature 117 of the CheMeleon embedding
feat_0118,float,,Feature 118 of the CheMeleon embedding
feat_0119,float,,Feature 119 of the CheMeleon embedding
feat_0120,float,,Feature 120 of the CheMeleon embedding
feat_0121,float,,Feature 121 of the CheMeleon embedding
feat_0122,float,,Feature 122 of the CheMeleon embedding
feat_0123,float,,Feature 123 of the CheMeleon embedding
feat_0124,float,,Feature 124 of the CheMeleon embedding
feat_0125,float,,Feature 125 of the CheMeleon embedding
feat_0126,float,,Feature 126 of the CheMeleon embedding
feat_0127,float,,Feature 127 of the CheMeleon embedding
feat_0128,float,,Feature 128 of the CheMeleon embedding
feat_0129,float,,Feature 129 of the CheMeleon embedding
feat_0130,float,,Feature 130 of the CheMeleon embedding
feat_0131,float,,Feature 131 of the CheMeleon embedding
feat_0132,float,,Feature 132 of the CheMeleon embedding
feat_0133,float,,Feature 133 of the CheMeleon embedding
feat_0134,float,,Feature 134 of the CheMeleon embedding
feat_0135,float,,Feature 135 of the CheMeleon embedding
feat_0136,float,,Feature 136 of the CheMeleon embedding
feat_0137,float,,Feature 137 of the CheMeleon embedding
feat_0138,float,,Feature 138 of the CheMeleon embedding
feat_0139,float,,Feature 139 of the CheMeleon embedding
feat_0140,float,,Feature 140 of the CheMeleon embedding
feat_0141,float,,Feature 141 of the CheMeleon embedding
feat_0142,float,,Feature 142 of the CheMeleon embedding
feat_0143,float,,Feature 143 of the CheMeleon embedding
feat_0144,float,,Feature 144 of the CheMeleon embedding
feat_0145,float,,Feature 145 of the CheMeleon embedding
feat_0146,float,,Feature 146 of the CheMeleon embedding
feat_0147,float,,Feature 147 of the CheMeleon embedding
feat_0148,float,,Feature 148 of the CheMeleon embedding
feat_0149,float,,Feature 149 of the CheMeleon embedding
feat_0150,float,,Feature 150 of the CheMeleon embedding
feat_0151,float,,Feature 151 of the CheMeleon embedding
feat_0152,float,,Feature 152 of the CheMeleon embedding
feat_0153,float,,Feature 153 of the CheMeleon embedding
feat_0154,float,,Feature 154 of the CheMeleon embedding
feat_0155,float,,Feature 155 of the CheMeleon embedding
feat_0156,float,,Feature 156 of the CheMeleon embedding
feat_0157,float,,Feature 157 of the CheMeleon embedding
feat_0158,float,,Feature 158 of the CheMeleon embedding
feat_0159,float,,Feature 159 of the CheMeleon embedding
feat_0160,float,,Feature 160 of the CheMeleon embedding
feat_0161,float,,Feature 161 of the CheMeleon embedding
feat_0162,float,,Feature 162 of the CheMeleon embedding
feat_0163,float,,Feature 163 of the CheMeleon embedding
feat_0164,float,,Feature 164 of the CheMeleon embedding
feat_0165,float,,Feature 165 of the CheMeleon embedding
feat_0166,float,,Feature 166 of the CheMeleon embedding
feat_0167,float,,Feature 167 of the CheMeleon embedding
feat_0168,float,,Feature 168 of the CheMeleon embedding
feat_0169,float,,Feature 169 of the CheMeleon embedding
feat_0170,float,,Feature 170 of the CheMeleon embedding
feat_0171,float,,Feature 171 of the CheMeleon embedding
feat_0172,float,,Feature 172 of the CheMeleon embedding
feat_0173,float,,Feature 173 of the CheMeleon embedding
feat_0174,float,,Feature 174 of the CheMeleon embedding
feat_0175,float,,Feature 175 of the CheMeleon embedding
feat_0176,float,,Feature 176 of the CheMeleon embedding
feat_0177,float,,Feature 177 of the CheMeleon embedding
feat_0178,float,,Feature 178 of the CheMeleon embedding
feat_0179,float,,Feature 179 of the CheMeleon embedding
feat_0180,float,,Feature 180 of the CheMeleon embedding
feat_0181,float,,Feature 181 of the CheMeleon embedding
feat_0182,float,,Feature 182 of the CheMeleon embedding
feat_0183,float,,Feature 183 of the CheMeleon embedding
feat_0184,float,,Feature 184 of the CheMeleon embedding
feat_0185,float,,Feature 185 of the CheMeleon embedding
feat_0186,float,,Feature 186 of the CheMeleon embedding
feat_0187,float,,Feature 187 of the CheMeleon embedding
feat_0188,float,,Feature 188 of the CheMeleon embedding
feat_0189,float,,Feature 189 of the CheMeleon embedding
feat_0190,float,,Feature 190 of the CheMeleon embedding
feat_0191,float,,Feature 191 of the CheMeleon embedding
feat_0192,float,,Feature 192 of the CheMeleon embedding
feat_0193,float,,Feature 193 of the CheMeleon embedding
feat_0194,float,,Feature 194 of the CheMeleon embedding
feat_0195,float,,Feature 195 of the CheMeleon embedding
feat_0196,float,,Feature 196 of the CheMeleon embedding
feat_0197,float,,Feature 197 of the CheMeleon embedding
feat_0198,float,,Feature 198 of the CheMeleon embedding
feat_0199,float,,Feature 199 of the CheMeleon embedding
feat_0200,float,,Feature 200 of the CheMeleon embedding
feat_0201,float,,Feature 201 of the CheMeleon embedding
feat_0202,float,,Feature 202 of the CheMeleon embedding
feat_0203,float,,Feature 203 of the CheMeleon embedding
feat_0204,float,,Feature 204 of the CheMeleon embedding
feat_0205,float,,Feature 205 of the CheMeleon embedding
feat_0206,float,,Feature 206 of the CheMeleon embedding
feat_0207,float,,Feature 207 of the CheMeleon embedding
feat_0208,float,,Feature 208 of the CheMeleon embedding
feat_0209,float,,Feature 209 of the CheMeleon embedding
feat_0210,float,,Feature 210 of the CheMeleon embedding
feat_0211,float,,Feature 211 of the CheMeleon embedding
feat_0212,float,,Feature 212 of the CheMeleon embedding
feat_0213,float,,Feature 213 of the CheMeleon embedding
feat_0214,float,,Feature 214 of the CheMeleon embedding
feat_0215,float,,Feature 215 of the CheMeleon embedding
feat_0216,float,,Feature 216 of the CheMeleon embedding
feat_0217,float,,Feature 217 of the CheMeleon embedding
feat_0218,float,,Feature 218 of the CheMeleon embedding
feat_0219,float,,Feature 219 of the CheMeleon embedding
feat_0220,float,,Feature 220 of the CheMeleon embedding
feat_0221,float,,Feature 221 of the CheMeleon embedding
feat_0222,float,,Feature 222 of the CheMeleon embedding
feat_0223,float,,Feature 223 of the CheMeleon embedding
feat_0224,float,,Feature 224 of the CheMeleon embedding
feat_0225,float,,Feature 225 of the CheMeleon embedding
feat_0226,float,,Feature 226 of the CheMeleon embedding
feat_0227,float,,Feature 227 of the CheMeleon embedding
feat_0228,float,,Feature 228 of the CheMeleon embedding
feat_0229,float,,Feature 229 of the CheMeleon embedding
feat_0230,float,,Feature 230 of the CheMeleon embedding
feat_0231,float,,Feature 231 of the CheMeleon embedding
feat_0232,float,,Feature 232 of the CheMeleon embedding
feat_0233,float,,Feature 233 of the CheMeleon embedding
feat_0234,float,,Feature 234 of the CheMeleon embedding
feat_0235,float,,Feature 235 of the CheMeleon embedding
feat_0236,float,,Feature 236 of the CheMeleon embedding
feat_0237,float,,Feature 237 of the CheMeleon embedding
feat_0238,float,,Feature 238 of the CheMeleon embedding
feat_0239,float,,Feature 239 of the CheMeleon embedding
feat_0240,float,,Feature 240 of the CheMeleon embedding
feat_0241,float,,Feature 241 of the CheMeleon embedding
feat_0242,float,,Feature 242 of the CheMeleon embedding
feat_0243,float,,Feature 243 of the CheMeleon embedding
feat_0244,float,,Feature 244 of the CheMeleon embedding
feat_0245,float,,Feature 245 of the CheMeleon embedding
feat_0246,float,,Feature 246 of the CheMeleon embedding
feat_0247,float,,Feature 247 of the CheMeleon embedding
feat_0248,float,,Feature 248 of the CheMeleon embedding
feat_0249,float,,Feature 249 of the CheMeleon embedding
feat_0250,float,,Feature 250 of the CheMeleon embedding
feat_0251,float,,Feature 251 of the CheMeleon embedding
feat_0252,float,,Feature 252 of the CheMeleon embedding
feat_0253,float,,Feature 253 of the CheMeleon embedding
feat_0254,float,,Feature 254 of the CheMeleon embedding
feat_0255,float,,Feature 255 of the CheMeleon embedding
feat_0256,float,,Feature 256 of the CheMeleon embedding
feat_0257,float,,Feature 257 of the CheMeleon embedding
feat_0258,float,,Feature 258 of the CheMeleon embedding
feat_0259,float,,Feature 259 of the CheMeleon embedding
feat_0260,float,,Feature 260 of the CheMeleon embedding
feat_0261,float,,Feature 261 of the CheMeleon embedding
feat_0262,float,,Feature 262 of the CheMeleon embedding
feat_0263,float,,Feature 263 of the CheMeleon embedding
feat_0264,float,,Feature 264 of the CheMeleon embedding
feat_0265,float,,Feature 265 of the CheMeleon embedding
feat_0266,float,,Feature 266 of the CheMeleon embedding
feat_0267,float,,Feature 267 of the CheMeleon embedding
feat_0268,float,,Feature 268 of the CheMeleon embedding
feat_0269,float,,Feature 269 of the CheMeleon embedding
feat_0270,float,,Feature 270 of the CheMeleon embedding
feat_0271,float,,Feature 271 of the CheMeleon embedding
feat_0272,float,,Feature 272 of the CheMeleon embedding
feat_0273,float,,Feature 273 of the CheMeleon embedding
feat_0274,float,,Feature 274 of the CheMeleon embedding
feat_0275,float,,Feature 275 of the CheMeleon embedding
feat_0276,float,,Feature 276 of the CheMeleon embedding
feat_0277,float,,Feature 277 of the CheMeleon embedding
feat_0278,float,,Feature 278 of the CheMeleon embedding
feat_0279,float,,Feature 279 of the CheMeleon embedding
feat_0280,float,,Feature 280 of the CheMeleon embedding
feat_0281,float,,Feature 281 of the CheMeleon embedding
feat_0282,float,,Feature 282 of the CheMeleon embedding
feat_0283,float,,Feature 283 of the CheMeleon embedding
feat_0284,float,,Feature 284 of the CheMeleon embedding
feat_0285,float,,Feature 285 of the CheMeleon embedding
feat_0286,float,,Feature 286 of the CheMeleon embedding
feat_0287,float,,Feature 287 of the CheMeleon embedding
feat_0288,float,,Feature 288 of the CheMeleon embedding
feat_0289,float,,Feature 289 of the CheMeleon embedding
feat_0290,float,,Feature 290 of the CheMeleon embedding
feat_0291,float,,Feature 291 of the CheMeleon embedding
feat_0292,float,,Feature 292 of the CheMeleon embedding
feat_0293,float,,Feature 293 of the CheMeleon embedding
feat_0294,float,,Feature 294 of the CheMeleon embedding
feat_0295,float,,Feature 295 of the CheMeleon embedding
feat_0296,float,,Feature 296 of the CheMeleon embedding
feat_0297,float,,Feature 297 of the CheMeleon embedding
feat_0298,float,,Feature 298 of the CheMeleon embedding
feat_0299,float,,Feature 299 of the CheMeleon embedding
feat_0300,float,,Feature 300 of the CheMeleon embedding
feat_0301,float,,Feature 301 of the CheMeleon embedding
feat_0302,float,,Feature 302 of the CheMeleon embedding
feat_0303,float,,Feature 303 of the CheMeleon embedding
feat_0304,float,,Feature 304 of the CheMeleon embedding
feat_0305,float,,Feature 305 of the CheMeleon embedding
feat_0306,float,,Feature 306 of the CheMeleon embedding
feat_0307,float,,Feature 307 of the CheMeleon embedding
feat_0308,float,,Feature 308 of the CheMeleon embedding
feat_0309,float,,Feature 309 of the CheMeleon embedding
feat_0310,float,,Feature 310 of the CheMeleon embedding
feat_0311,float,,Feature 311 of the CheMeleon embedding
feat_0312,float,,Feature 312 of the CheMeleon embedding
feat_0313,float,,Feature 313 of the CheMeleon embedding
feat_0314,float,,Feature 314 of the CheMeleon embedding
feat_0315,float,,Feature 315 of the CheMeleon embedding
feat_0316,float,,Feature 316 of the CheMeleon embedding
feat_0317,float,,Feature 317 of the CheMeleon embedding
feat_0318,float,,Feature 318 of the CheMeleon embedding
feat_0319,float,,Feature 319 of the CheMeleon embedding
feat_0320,float,,Feature 320 of the CheMeleon embedding
feat_0321,float,,Feature 321 of the CheMeleon embedding
feat_0322,float,,Feature 322 of the CheMeleon embedding
feat_0323,float,,Feature 323 of the CheMeleon embedding
feat_0324,float,,Feature 324 of the CheMeleon embedding
feat_0325,float,,Feature 325 of the CheMeleon embedding
feat_0326,float,,Feature 326 of the CheMeleon embedding
feat_0327,float,,Feature 327 of the CheMeleon embedding
feat_0328,float,,Feature 328 of the CheMeleon embedding
feat_0329,float,,Feature 329 of the CheMeleon embedding
feat_0330,float,,Feature 330 of the CheMeleon embedding
feat_0331,float,,Feature 331 of the CheMeleon embedding
feat_0332,float,,Feature 332 of the CheMeleon embedding
feat_0333,float,,Feature 333 of the CheMeleon embedding
feat_0334,float,,Feature 334 of the CheMeleon embedding
feat_0335,float,,Feature 335 of the CheMeleon embedding
feat_0336,float,,Feature 336 of the CheMeleon embedding
feat_0337,float,,Feature 337 of the CheMeleon embedding
feat_0338,float,,Feature 338 of the CheMeleon embedding
feat_0339,float,,Feature 339 of the CheMeleon embedding
feat_0340,float,,Feature 340 of the CheMeleon embedding
feat_0341,float,,Feature 341 of the CheMeleon embedding
feat_0342,float,,Feature 342 of the CheMeleon embedding
feat_0343,float,,Feature 343 of the CheMeleon embedding
feat_0344,float,,Feature 344 of the CheMeleon embedding
feat_0345,float,,Feature 345 of the CheMeleon embedding
feat_0346,float,,Feature 346 of the CheMeleon embedding
feat_0347,float,,Feature 347 of the CheMeleon embedding
feat_0348,float,,Feature 348 of the CheMeleon embedding
feat_0349,float,,Feature 349 of the CheMeleon embedding
feat_0350,float,,Feature 350 of the CheMeleon embedding
feat_0351,float,,Feature 351 of the CheMeleon embedding
feat_0352,float,,Feature 352 of the CheMeleon embedding
feat_0353,float,,Feature 353 of the CheMeleon embedding
feat_0354,float,,Feature 354 of the CheMeleon embedding
feat_0355,float,,Feature 355 of the CheMeleon embedding
feat_0356,float,,Feature 356 of the CheMeleon embedding
feat_0357,float,,Feature 357 of the CheMeleon embedding
feat_0358,float,,Feature 358 of the CheMeleon embedding
feat_0359,float,,Feature 359 of the CheMeleon embedding
feat_0360,float,,Feature 360 of the CheMeleon embedding
feat_0361,float,,Feature 361 of the CheMeleon embedding
feat_0362,float,,Feature 362 of the CheMeleon embedding
feat_0363,float,,Feature 363 of the CheMeleon embedding
feat_0364,float,,Feature 364 of the CheMeleon embedding
feat_0365,float,,Feature 365 of the CheMeleon embedding
feat_0366,float,,Feature 366 of the CheMeleon embedding
feat_0367,float,,Feature 367 of the CheMeleon embedding
feat_0368,float,,Feature 368 of the CheMeleon embedding
feat_0369,float,,Feature 369 of the CheMeleon embedding
feat_0370,float,,Feature 370 of the CheMeleon embedding
feat_0371,float,,Feature 371 of the CheMeleon embedding
feat_0372,float,,Feature 372 of the CheMeleon embedding
feat_0373,float,,Feature 373 of the CheMeleon embedding
feat_0374,float,,Feature 374 of the CheMeleon embedding
feat_0375,float,,Feature 375 of the CheMeleon embedding
feat_0376,float,,Feature 376 of the CheMeleon embedding
feat_0377,float,,Feature 377 of the CheMeleon embedding
feat_0378,float,,Feature 378 of the CheMeleon embedding
feat_0379,float,,Feature 379 of the CheMeleon embedding
feat_0380,float,,Feature 380 of the CheMeleon embedding
feat_0381,float,,Feature 381 of the CheMeleon embedding
feat_0382,float,,Feature 382 of the CheMeleon embedding
feat_0383,float,,Feature 383 of the CheMeleon embedding
feat_0384,float,,Feature 384 of the CheMeleon embedding
feat_0385,float,,Feature 385 of the CheMeleon embedding
feat_0386,float,,Feature 386 of the CheMeleon embedding
feat_0387,float,,Feature 387 of the CheMeleon embedding
feat_0388,float,,Feature 388 of the CheMeleon embedding
feat_0389,float,,Feature 389 of the CheMeleon embedding
feat_0390,float,,Feature 390 of the CheMeleon embedding
feat_0391,float,,Feature 391 of the CheMeleon embedding
feat_0392,float,,Feature 392 of the CheMeleon embedding
feat_0393,float,,Feature 393 of the CheMeleon embedding
feat_0394,float,,Feature 394 of the CheMeleon embedding
feat_0395,float,,Feature 395 of the CheMeleon embedding
feat_0396,float,,Feature 396 of the CheMeleon embedding
feat_0397,float,,Feature 397 of the CheMeleon embedding
feat_0398,float,,Feature 398 of the CheMeleon embedding
feat_0399,float,,Feature 399 of the CheMeleon embedding
feat_0400,float,,Feature 400 of the CheMeleon embedding
feat_0401,float,,Feature 401 of the CheMeleon embedding
feat_0402,float,,Feature 402 of the CheMeleon embedding
feat_0403,float,,Feature 403 of the CheMeleon embedding
feat_0404,float,,Feature 404 of the CheMeleon embedding
feat_0405,float,,Feature 405 of the CheMeleon embedding
feat_0406,float,,Feature 406 of the CheMeleon embedding
feat_0407,float,,Feature 407 of the CheMeleon embedding
feat_0408,float,,Feature 408 of the CheMeleon embedding
feat_0409,float,,Feature 409 of the CheMeleon embedding
feat_0410,float,,Feature 410 of the CheMeleon embedding
feat_0411,float,,Feature 411 of the CheMeleon embedding
feat_0412,float,,Feature 412 of the CheMeleon embedding
feat_0413,float,,Feature 413 of the CheMeleon embedding
feat_0414,float,,Feature 414 of the CheMeleon embedding
feat_0415,float,,Feature 415 of the CheMeleon embedding
feat_0416,float,,Feature 416 of the CheMeleon embedding
feat_0417,float,,Feature 417 of the CheMeleon embedding
feat_0418,float,,Feature 418 of the CheMeleon embedding
feat_0419,float,,Feature 419 of the CheMeleon embedding
feat_0420,float,,Feature 420 of the CheMeleon embedding
feat_0421,float,,Feature 421 of the CheMeleon embedding
feat_0422,float,,Feature 422 of the CheMeleon embedding
feat_0423,float,,Feature 423 of the CheMeleon embedding
feat_0424,float,,Feature 424 of the CheMeleon embedding
feat_0425,float,,Feature 425 of the CheMeleon embedding
feat_0426,float,,Feature 426 of the CheMeleon embedding
feat_0427,float,,Feature 427 of the CheMeleon embedding
feat_0428,float,,Feature 428 of the CheMeleon embedding
feat_0429,float,,Feature 429 of the CheMeleon embedding
feat_0430,float,,Feature 430 of the CheMeleon embedding
feat_0431,float,,Feature 431 of the CheMeleon embedding
feat_0432,float,,Feature 432 of the CheMeleon embedding
feat_0433,float,,Feature 433 of the CheMeleon embedding
feat_0434,float,,Feature 434 of the CheMeleon embedding
feat_0435,float,,Feature 435 of the CheMeleon embedding
feat_0436,float,,Feature 436 of the CheMeleon embedding
feat_0437,float,,Feature 437 of the CheMeleon embedding
feat_0438,float,,Feature 438 of the CheMeleon embedding
feat_0439,float,,Feature 439 of the CheMeleon embedding
feat_0440,float,,Feature 440 of the CheMeleon embedding
feat_0441,float,,Feature 441 of the CheMeleon embedding
feat_0442,float,,Feature 442 of the CheMeleon embedding
feat_0443,float,,Feature 443 of the CheMeleon embedding
feat_0444,float,,Feature 444 of the CheMeleon embedding
feat_0445,float,,Feature 445 of the CheMeleon embedding
feat_0446,float,,Feature 446 of the CheMeleon embedding
feat_0447,float,,Feature 447 of the CheMeleon embedding
feat_0448,float,,Feature 448 of the CheMeleon embedding
feat_0449,float,,Feature 449 of the CheMeleon embedding
feat_0450,float,,Feature 450 of the CheMeleon embedding
feat_0451,float,,Feature 451 of the CheMeleon embedding
feat_0452,float,,Feature 452 of the CheMeleon embedding
feat_0453,float,,Feature 453 of the CheMeleon embedding
feat_0454,float,,Feature 454 of the CheMeleon embedding
feat_0455,float,,Feature 455 of the CheMeleon embedding
feat_0456,float,,Feature 456 of the CheMeleon embedding
feat_0457,float,,Feature 457 of the CheMeleon embedding
feat_0458,float,,Feature 458 of the CheMeleon embedding
feat_0459,float,,Feature 459 of the CheMeleon embedding
feat_0460,float,,Feature 460 of the CheMeleon embedding
feat_0461,float,,Feature 461 of the CheMeleon embedding
feat_0462,float,,Feature 462 of the CheMeleon embedding
feat_0463,float,,Feature 463 of the CheMeleon embedding
feat_0464,float,,Feature 464 of the CheMeleon embedding
feat_0465,float,,Feature 465 of the CheMeleon embedding
feat_0466,float,,Feature 466 of the CheMeleon embedding
feat_0467,float,,Feature 467 of the CheMeleon embedding
feat_0468,float,,Feature 468 of the CheMeleon embedding
feat_0469,float,,Feature 469 of the CheMeleon embedding
feat_0470,float,,Feature 470 of the CheMeleon embedding
feat_0471,float,,Feature 471 of the CheMeleon embedding
feat_0472,float,,Feature 472 of the CheMeleon embedding
feat_0473,float,,Feature 473 of the CheMeleon embedding
feat_0474,float,,Feature 474 of the CheMeleon embedding
feat_0475,float,,Feature 475 of the CheMeleon embedding
feat_0476,float,,Feature 476 of the CheMeleon embedding
feat_0477,float,,Feature 477 of the CheMeleon embedding
feat_0478,float,,Feature 478 of the CheMeleon embedding
feat_0479,float,,Feature 479 of the CheMeleon embedding
feat_0480,float,,Feature 480 of the CheMeleon embedding
feat_0481,float,,Feature 481 of the CheMeleon embedding
feat_0482,float,,Feature 482 of the CheMeleon embedding
feat_0483,float,,Feature 483 of the CheMeleon embedding
feat_0484,float,,Feature 484 of the CheMeleon embedding
feat_0485,float,,Feature 485 of the CheMeleon embedding
feat_0486,float,,Feature 486 of the CheMeleon embedding
feat_0487,float,,Feature 487 of the CheMeleon embedding
feat_0488,float,,Feature 488 of the CheMeleon embedding
feat_0489,float,,Feature 489 of the CheMeleon embedding
feat_0490,float,,Feature 490 of the CheMeleon embedding
feat_0491,float,,Feature 491 of the CheMeleon embedding
feat_0492,float,,Feature 492 of the CheMeleon embedding
feat_0493,float,,Feature 493 of the CheMeleon embedding
feat_0494,float,,Feature 494 of the CheMeleon embedding
feat_0495,float,,Feature 495 of the CheMeleon embedding
feat_0496,float,,Feature 496 of the CheMeleon embedding
feat_0497,float,,Feature 497 of the CheMeleon embedding
feat_0498,float,,Feature 498 of the CheMeleon embedding
feat_0499,float,,Feature 499 of the CheMeleon embedding
feat_0500,float,,Feature 500 of the CheMeleon embedding
feat_0501,float,,Feature 501 of the CheMeleon embedding
feat_0502,float,,Feature 502 of the CheMeleon embedding
feat_0503,float,,Feature 503 of the CheMeleon embedding
feat_0504,float,,Feature 504 of the CheMeleon embedding
feat_0505,float,,Feature 505 of the CheMeleon embedding
feat_0506,float,,Feature 506 of the CheMeleon embedding
feat_0507,float,,Feature 507 of the CheMeleon embedding
feat_0508,float,,Feature 508 of the CheMeleon embedding
feat_0509,float,,Feature 509 of the CheMeleon embedding
feat_0510,float,,Feature 510 of the CheMeleon embedding
feat_0511,float,,Feature 511 of the CheMeleon embedding
feat_0512,float,,Feature 512 of the CheMeleon embedding
feat_0513,float,,Feature 513 of the CheMeleon embedding
feat_0514,float,,Feature 514 of the CheMeleon embedding
feat_0515,float,,Feature 515 of the CheMeleon embedding
feat_0516,float,,Feature 516 of the CheMeleon embedding
feat_0517,float,,Feature 517 of the CheMeleon embedding
feat_0518,float,,Feature 518 of the CheMeleon embedding
feat_0519,float,,Feature 519 of the CheMeleon embedding
feat_0520,float,,Feature 520 of the CheMeleon embedding
feat_0521,float,,Feature 521 of the CheMeleon embedding
feat_0522,float,,Feature 522 of the CheMeleon embedding
feat_0523,float,,Feature 523 of the CheMeleon embedding
feat_0524,float,,Feature 524 of the CheMeleon embedding
feat_0525,float,,Feature 525 of the CheMeleon embedding
feat_0526,float,,Feature 526 of the CheMeleon embedding
feat_0527,float,,Feature 527 of the CheMeleon embedding
feat_0528,float,,Feature 528 of the CheMeleon embedding
feat_0529,float,,Feature 529 of the CheMeleon embedding
feat_0530,float,,Feature 530 of the CheMeleon embedding
feat_0531,float,,Feature 531 of the CheMeleon embedding
feat_0532,float,,Feature 532 of the CheMeleon embedding
feat_0533,float,,Feature 533 of the CheMeleon embedding
feat_0534,float,,Feature 534 of the CheMeleon embedding
feat_0535,float,,Feature 535 of the CheMeleon embedding
feat_0536,float,,Feature 536 of the CheMeleon embedding
feat_0537,float,,Feature 537 of the CheMeleon embedding
feat_0538,float,,Feature 538 of the CheMeleon embedding
feat_0539,float,,Feature 539 of the CheMeleon embedding
feat_0540,float,,Feature 540 of the CheMeleon embedding
feat_0541,float,,Feature 541 of the CheMeleon embedding
feat_0542,float,,Feature 542 of the CheMeleon embedding
feat_0543,float,,Feature 543 of the CheMeleon embedding
feat_0544,float,,Feature 544 of the CheMeleon embedding
feat_0545,float,,Feature 545 of the CheMeleon embedding
feat_0546,float,,Feature 546 of the CheMeleon embedding
feat_0547,float,,Feature 547 of the CheMeleon embedding
feat_0548,float,,Feature 548 of the CheMeleon embedding
feat_0549,float,,Feature 549 of the CheMeleon embedding
feat_0550,float,,Feature 550 of the CheMeleon embedding
feat_0551,float,,Feature 551 of the CheMeleon embedding
feat_0552,float,,Feature 552 of the CheMeleon embedding
feat_0553,float,,Feature 553 of the CheMeleon embedding
feat_0554,float,,Feature 554 of the CheMeleon embedding
feat_0555,float,,Feature 555 of the CheMeleon embedding
feat_0556,float,,Feature 556 of the CheMeleon embedding
feat_0557,float,,Feature 557 of the CheMeleon embedding
feat_0558,float,,Feature 558 of the CheMeleon embedding
feat_0559,float,,Feature 559 of the CheMeleon embedding
feat_0560,float,,Feature 560 of the CheMeleon embedding
feat_0561,float,,Feature 561 of the CheMeleon embedding
feat_0562,float,,Feature 562 of the CheMeleon embedding
feat_0563,float,,Feature 563 of the CheMeleon embedding
feat_0564,float,,Feature 564 of the CheMeleon embedding
feat_0565,float,,Feature 565 of the CheMeleon embedding
feat_0566,float,,Feature 566 of the CheMeleon embedding
feat_0567,float,,Feature 567 of the CheMeleon embedding
feat_0568,float,,Feature 568 of the CheMeleon embedding
feat_0569,float,,Feature 569 of the CheMeleon embedding
feat_0570,float,,Feature 570 of the CheMeleon embedding
feat_0571,float,,Feature 571 of the CheMeleon embedding
feat_0572,float,,Feature 572 of the CheMeleon embedding
feat_0573,float,,Feature 573 of the CheMeleon embedding
feat_0574,float,,Feature 574 of the CheMeleon embedding
feat_0575,float,,Feature 575 of the CheMeleon embedding
feat_0576,float,,Feature 576 of the CheMeleon embedding
feat_0577,float,,Feature 577 of the CheMeleon embedding
feat_0578,float,,Feature 578 of the CheMeleon embedding
feat_0579,float,,Feature 579 of the CheMeleon embedding
feat_0580,float,,Feature 580 of the CheMeleon embedding
feat_0581,float,,Feature 581 of the CheMeleon embedding
feat_0582,float,,Feature 582 of the CheMeleon embedding
feat_0583,float,,Feature 583 of the CheMeleon embedding
feat_0584,float,,Feature 584 of the CheMeleon embedding
feat_0585,float,,Feature 585 of the CheMeleon embedding
feat_0586,float,,Feature 586 of the CheMeleon embedding
feat_0587,float,,Feature 587 of the CheMeleon embedding
feat_0588,float,,Feature 588 of the CheMeleon embedding
feat_0589,float,,Feature 589 of the CheMeleon embedding
feat_0590,float,,Feature 590 of the CheMeleon embedding
feat_0591,float,,Feature 591 of the CheMeleon embedding
feat_0592,float,,Feature 592 of the CheMeleon embedding
feat_0593,float,,Feature 593 of the CheMeleon embedding
feat_0594,float,,Feature 594 of the CheMeleon embedding
feat_0595,float,,Feature 595 of the CheMeleon embedding
feat_0596,float,,Feature 596 of the CheMeleon embedding
feat_0597,float,,Feature 597 of the CheMeleon embedding
feat_0598,float,,Feature 598 of the CheMeleon embedding
feat_0599,float,,Feature 599 of the CheMeleon embedding
feat_0600,float,,Feature 600 of the CheMeleon embedding
feat_0601,float,,Feature 601 of the CheMeleon embedding
feat_0602,float,,Feature 602 of the CheMeleon embedding
feat_0603,float,,Feature 603 of the CheMeleon embedding
feat_0604,float,,Feature 604 of the CheMeleon embedding
feat_0605,float,,Feature 605 of the CheMeleon embedding
feat_0606,float,,Feature 606 of the CheMeleon embedding
feat_0607,float,,Feature 607 of the CheMeleon embedding
feat_0608,float,,Feature 608 of the CheMeleon embedding
feat_0609,float,,Feature 609 of the CheMeleon embedding
feat_0610,float,,Feature 610 of the CheMeleon embedding
feat_0611,float,,Feature 611 of the CheMeleon embedding
feat_0612,float,,Feature 612 of the CheMeleon embedding
feat_0613,float,,Feature 613 of the CheMeleon embedding
feat_0614,float,,Feature 614 of the CheMeleon embedding
feat_0615,float,,Feature 615 of the CheMeleon embedding
feat_0616,float,,Feature 616 of the CheMeleon embedding
feat_0617,float,,Feature 617 of the CheMeleon embedding
feat_0618,float,,Feature 618 of the CheMeleon embedding
feat_0619,float,,Feature 619 of the CheMeleon embedding
feat_0620,float,,Feature 620 of the CheMeleon embedding
feat_0621,float,,Feature 621 of the CheMeleon embedding
feat_0622,float,,Feature 622 of the CheMeleon embedding
feat_0623,float,,Feature 623 of the CheMeleon embedding
feat_0624,float,,Feature 624 of the CheMeleon embedding
feat_0625,float,,Feature 625 of the CheMeleon embedding
feat_0626,float,,Feature 626 of the CheMeleon embedding
feat_0627,float,,Feature 627 of the CheMeleon embedding
feat_0628,float,,Feature 628 of the CheMeleon embedding
feat_0629,float,,Feature 629 of the CheMeleon embedding
feat_0630,float,,Feature 630 of the CheMeleon embedding
feat_0631,float,,Feature 631 of the CheMeleon embedding
feat_0632,float,,Feature 632 of the CheMeleon embedding
feat_0633,float,,Feature 633 of the CheMeleon embedding
feat_0634,float,,Feature 634 of the CheMeleon embedding
feat_0635,float,,Feature 635 of the CheMeleon embedding
feat_0636,float,,Feature 636 of the CheMeleon embedding
feat_0637,float,,Feature 637 of the CheMeleon embedding
feat_0638,float,,Feature 638 of the CheMeleon embedding
feat_0639,float,,Feature 639 of the CheMeleon embedding
feat_0640,float,,Feature 640 of the CheMeleon embedding
feat_0641,float,,Feature 641 of the CheMeleon embedding
feat_0642,float,,Feature 642 of the CheMeleon embedding
feat_0643,float,,Feature 643 of the CheMeleon embedding
feat_0644,float,,Feature 644 of the CheMeleon embedding
feat_0645,float,,Feature 645 of the CheMeleon embedding
feat_0646,float,,Feature 646 of the CheMeleon embedding
feat_0647,float,,Feature 647 of the CheMeleon embedding
feat_0648,float,,Feature 648 of the CheMeleon embedding
feat_0649,float,,Feature 649 of the CheMeleon embedding
feat_0650,float,,Feature 650 of the CheMeleon embedding
feat_0651,float,,Feature 651 of the CheMeleon embedding
feat_0652,float,,Feature 652 of the CheMeleon embedding
feat_0653,float,,Feature 653 of the CheMeleon embedding
feat_0654,float,,Feature 654 of the CheMeleon embedding
feat_0655,float,,Feature 655 of the CheMeleon embedding
feat_0656,float,,Feature 656 of the CheMeleon embedding
feat_0657,float,,Feature 657 of the CheMeleon embedding
feat_0658,float,,Feature 658 of the CheMeleon embedding
feat_0659,float,,Feature 659 of the CheMeleon embedding
feat_0660,float,,Feature 660 of the CheMeleon embedding
feat_0661,float,,Feature 661 of the CheMeleon embedding
feat_0662,float,,Feature 662 of the CheMeleon embedding
feat_0663,float,,Feature 663 of the CheMeleon embedding
feat_0664,float,,Feature 664 of the CheMeleon embedding
feat_0665,float,,Feature 665 of the CheMeleon embedding
feat_0666,float,,Feature 666 of the CheMeleon embedding
feat_0667,float,,Feature 667 of the CheMeleon embedding
feat_0668,float,,Feature 668 of the CheMeleon embedding
feat_0669,float,,Feature 669 of the CheMeleon embedding
feat_0670,float,,Feature 670 of the CheMeleon embedding
feat_0671,float,,Feature 671 of the CheMeleon embedding
feat_0672,float,,Feature 672 of the CheMeleon embedding
feat_0673,float,,Feature 673 of the CheMeleon embedding
feat_0674,float,,Feature 674 of the CheMeleon embedding
feat_0675,float,,Feature 675 of the CheMeleon embedding
feat_0676,float,,Feature 676 of the CheMeleon embedding
feat_0677,float,,Feature 677 of the CheMeleon embedding
feat_0678,float,,Feature 678 of the CheMeleon embedding
feat_0679,float,,Feature 679 of the CheMeleon embedding
feat_0680,float,,Feature 680 of the CheMeleon embedding
feat_0681,float,,Feature 681 of the CheMeleon embedding
feat_0682,float,,Feature 682 of the CheMeleon embedding
feat_0683,float,,Feature 683 of the CheMeleon embedding
feat_0684,float,,Feature 684 of the CheMeleon embedding
feat_0685,float,,Feature 685 of the CheMeleon embedding
feat_0686,float,,Feature 686 of the CheMeleon embedding
feat_0687,float,,Feature 687 of the CheMeleon embedding
feat_0688,float,,Feature 688 of the CheMeleon embedding
feat_0689,float,,Feature 689 of the CheMeleon embedding
feat_0690,float,,Feature 690 of the CheMeleon embedding
feat_0691,float,,Feature 691 of the CheMeleon embedding
feat_0692,float,,Feature 692 of the CheMeleon embedding
feat_0693,float,,Feature 693 of the CheMeleon embedding
feat_0694,float,,Feature 694 of the CheMeleon embedding
feat_0695,float,,Feature 695 of the CheMeleon embedding
feat_0696,float,,Feature 696 of the CheMeleon embedding
feat_0697,float,,Feature 697 of the CheMeleon embedding
feat_0698,float,,Feature 698 of the CheMeleon embedding
feat_0699,float,,Feature 699 of the CheMeleon embedding
feat_0700,float,,Feature 700 of the CheMeleon embedding
feat_0701,float,,Feature 701 of the CheMeleon embedding
feat_0702,float,,Feature 702 of the CheMeleon embedding
feat_0703,float,,Feature 703 of the CheMeleon embedding
feat_0704,float,,Feature 704 of the CheMeleon embedding
feat_0705,float,,Feature 705 of the CheMeleon embedding
feat_0706,float,,Feature 706 of the CheMeleon embedding
feat_0707,float,,Feature 707 of the CheMeleon embedding
feat_0708,float,,Feature 708 of the CheMeleon embedding
feat_0709,float,,Feature 709 of the CheMeleon embedding
feat_0710,float,,Feature 710 of the CheMeleon embedding
feat_0711,float,,Feature 711 of the CheMeleon embedding
feat_0712,float,,Feature 712 of the CheMeleon embedding
feat_0713,float,,Feature 713 of the CheMeleon embedding
feat_0714,float,,Feature 714 of the CheMeleon embedding
feat_0715,float,,Feature 715 of the CheMeleon embedding
feat_0716,float,,Feature 716 of the CheMeleon embedding
feat_0717,float,,Feature 717 of the CheMeleon embedding
feat_0718,float,,Feature 718 of the CheMeleon embedding
feat_0719,float,,Feature 719 of the CheMeleon embedding
feat_0720,float,,Feature 720 of the CheMeleon embedding
feat_0721,float,,Feature 721 of the CheMeleon embedding
feat_0722,float,,Feature 722 of the CheMeleon embedding
feat_0723,float,,Feature 723 of the CheMeleon embedding
feat_0724,float,,Feature 724 of the CheMeleon embedding
feat_0725,float,,Feature 725 of the CheMeleon embedding
feat_0726,float,,Feature 726 of the CheMeleon embedding
feat_0727,float,,Feature 727 of the CheMeleon embedding
feat_0728,float,,Feature 728 of the CheMeleon embedding
feat_0729,float,,Feature 729 of the CheMeleon embedding
feat_0730,float,,Feature 730 of the CheMeleon embedding
feat_0731,float,,Feature 731 of the CheMeleon embedding
feat_0732,float,,Feature 732 of the CheMeleon embedding
feat_0733,float,,Feature 733 of the CheMeleon embedding
feat_0734,float,,Feature 734 of the CheMeleon embedding
feat_0735,float,,Feature 735 of the CheMeleon embedding
feat_0736,float,,Feature 736 of the CheMeleon embedding
feat_0737,float,,Feature 737 of the CheMeleon embedding
feat_0738,float,,Feature 738 of the CheMeleon embedding
feat_0739,float,,Feature 739 of the CheMeleon embedding
feat_0740,float,,Feature 740 of the CheMeleon embedding
feat_0741,float,,Feature 741 of the CheMeleon embedding
feat_0742,float,,Feature 742 of the CheMeleon embedding
feat_0743,float,,Feature 743 of the CheMeleon embedding
feat_0744,float,,Feature 744 of the CheMeleon embedding
feat_0745,float,,Feature 745 of the CheMeleon embedding
feat_0746,float,,Feature 746 of the CheMeleon embedding
feat_0747,float,,Feature 747 of the CheMeleon embedding
feat_0748,float,,Feature 748 of the CheMeleon embedding
feat_0749,float,,Feature 749 of the CheMeleon embedding
feat_0750,float,,Feature 750 of the CheMeleon embedding
feat_0751,float,,Feature 751 of the CheMeleon embedding
feat_0752,float,,Feature 752 of the CheMeleon embedding
feat_0753,float,,Feature 753 of the CheMeleon embedding
feat_0754,float,,Feature 754 of the CheMeleon embedding
feat_0755,float,,Feature 755 of the CheMeleon embedding
feat_0756,float,,Feature 756 of the CheMeleon embedding
feat_0757,float,,Feature 757 of the CheMeleon embedding
feat_0758,float,,Feature 758 of the CheMeleon embedding
feat_0759,float,,Feature 759 of the CheMeleon embedding
feat_0760,float,,Feature 760 of the CheMeleon embedding
feat_0761,float,,Feature 761 of the CheMeleon embedding
feat_0762,float,,Feature 762 of the CheMeleon embedding
feat_0763,float,,Feature 763 of the CheMeleon embedding
feat_0764,float,,Feature 764 of the CheMeleon embedding
feat_0765,float,,Feature 765 of the CheMeleon embedding
feat_0766,float,,Feature 766 of the CheMeleon embedding
feat_0767,float,,Feature 767 of the CheMeleon embedding
feat_0768,float,,Feature 768 of the CheMeleon embedding
feat_0769,float,,Feature 769 of the CheMeleon embedding
feat_0770,float,,Feature 770 of the CheMeleon embedding
feat_0771,float,,Feature 771 of the CheMeleon embedding
feat_0772,float,,Feature 772 of the CheMeleon embedding
feat_0773,float,,Feature 773 of the CheMeleon embedding
feat_0774,float,,Feature 774 of the CheMeleon embedding
feat_0775,float,,Feature 775 of the CheMeleon embedding
feat_0776,float,,Feature 776 of the CheMeleon embedding
feat_0777,float,,Feature 777 of the CheMeleon embedding
feat_0778,float,,Feature 778 of the CheMeleon embedding
feat_0779,float,,Feature 779 of the CheMeleon embedding
feat_0780,float,,Feature 780 of the CheMeleon embedding
feat_0781,float,,Feature 781 of the CheMeleon embedding
feat_0782,float,,Feature 782 of the CheMeleon embedding
feat_0783,float,,Feature 783 of the CheMeleon embedding
feat_0784,float,,Feature 784 of the CheMeleon embedding
feat_0785,float,,Feature 785 of the CheMeleon embedding
feat_0786,float,,Feature 786 of the CheMeleon embedding
feat_0787,float,,Feature 787 of the CheMeleon embedding
feat_0788,float,,Feature 788 of the CheMeleon embedding
feat_0789,float,,Feature 789 of the CheMeleon embedding
feat_0790,float,,Feature 790 of the CheMeleon embedding
feat_0791,float,,Feature 791 of the CheMeleon embedding
feat_0792,float,,Feature 792 of the CheMeleon embedding
feat_0793,float,,Feature 793 of the CheMeleon embedding
feat_0794,float,,Feature 794 of the CheMeleon embedding
feat_0795,float,,Feature 795 of the CheMeleon embedding
feat_0796,float,,Feature 796 of the CheMeleon embedding
feat_0797,float,,Feature 797 of the CheMeleon embedding
feat_0798,float,,Feature 798 of the CheMeleon embedding
feat_0799,float,,Feature 799 of the CheMeleon embedding
feat_0800,float,,Feature 800 of the CheMeleon embedding
feat_0801,float,,Feature 801 of the CheMeleon embedding
feat_0802,float,,Feature 802 of the CheMeleon embedding
feat_0803,float,,Feature 803 of the CheMeleon embedding
feat_0804,float,,Feature 804 of the CheMeleon embedding
feat_0805,float,,Feature 805 of the CheMeleon embedding
feat_0806,float,,Feature 806 of the CheMeleon embedding
feat_0807,float,,Feature 807 of the CheMeleon embedding
feat_0808,float,,Feature 808 of the CheMeleon embedding
feat_0809,float,,Feature 809 of the CheMeleon embedding
feat_0810,float,,Feature 810 of the CheMeleon embedding
feat_0811,float,,Feature 811 of the CheMeleon embedding
feat_0812,float,,Feature 812 of the CheMeleon embedding
feat_0813,float,,Feature 813 of the CheMeleon embedding
feat_0814,float,,Feature 814 of the CheMeleon embedding
feat_0815,float,,Feature 815 of the CheMeleon embedding
feat_0816,float,,Feature 816 of the CheMeleon embedding
feat_0817,float,,Feature 817 of the CheMeleon embedding
feat_0818,float,,Feature 818 of the CheMeleon embedding
feat_0819,float,,Feature 819 of the CheMeleon embedding
feat_0820,float,,Feature 820 of the CheMeleon embedding
feat_0821,float,,Feature 821 of the CheMeleon embedding
feat_0822,float,,Feature 822 of the CheMeleon embedding
feat_0823,float,,Feature 823 of the CheMeleon embedding
feat_0824,float,,Feature 824 of the CheMeleon embedding
feat_0825,float,,Feature 825 of the CheMeleon embedding
feat_0826,float,,Feature 826 of the CheMeleon embedding
feat_0827,float,,Feature 827 of the CheMeleon embedding
feat_0828,float,,Feature 828 of the CheMeleon embedding
feat_0829,float,,Feature 829 of the CheMeleon embedding
feat_0830,float,,Feature 830 of the CheMeleon embedding
feat_0831,float,,Feature 831 of the CheMeleon embedding
feat_0832,float,,Feature 832 of the CheMeleon embedding
feat_0833,float,,Feature 833 of the CheMeleon embedding
feat_0834,float,,Feature 834 of the CheMeleon embedding
feat_0835,float,,Feature 835 of the CheMeleon embedding
feat_0836,float,,Feature 836 of the CheMeleon embedding
feat_0837,float,,Feature 837 of the CheMeleon embedding
feat_0838,float,,Feature 838 of the CheMeleon embedding
feat_0839,float,,Feature 839 of the CheMeleon embedding
feat_0840,float,,Feature 840 of the CheMeleon embedding
feat_0841,float,,Feature 841 of the CheMeleon embedding
feat_0842,float,,Feature 842 of the CheMeleon embedding
feat_0843,float,,Feature 843 of the CheMeleon embedding
feat_0844,float,,Feature 844 of the CheMeleon embedding
feat_0845,float,,Feature 845 of the CheMeleon embedding
feat_0846,float,,Feature 846 of the CheMeleon embedding
feat_0847,float,,Feature 847 of the CheMeleon embedding
feat_0848,float,,Feature 848 of the CheMeleon embedding
feat_0849,float,,Feature 849 of the CheMeleon embedding
feat_0850,float,,Feature 850 of the CheMeleon embedding
feat_0851,float,,Feature 851 of the CheMeleon embedding
feat_0852,float,,Feature 852 of the CheMeleon embedding
feat_0853,float,,Feature 853 of the CheMeleon embedding
feat_0854,float,,Feature 854 of the CheMeleon embedding
feat_0855,float,,Feature 855 of the CheMeleon embedding
feat_0856,float,,Feature 856 of the CheMeleon embedding
feat_0857,float,,Feature 857 of the CheMeleon embedding
feat_0858,float,,Feature 858 of the CheMeleon embedding
feat_0859,float,,Feature 859 of the CheMeleon embedding
feat_0860,float,,Feature 860 of the CheMeleon embedding
feat_0861,float,,Feature 861 of the CheMeleon embedding
feat_0862,float,,Feature 862 of the CheMeleon embedding
feat_0863,float,,Feature 863 of the CheMeleon embedding
feat_0864,float,,Feature 864 of the CheMeleon embedding
feat_0865,float,,Feature 865 of the CheMeleon embedding
feat_0866,float,,Feature 866 of the CheMeleon embedding
feat_0867,float,,Feature 867 of the CheMeleon embedding
feat_0868,float,,Feature 868 of the CheMeleon embedding
feat_0869,float,,Feature 869 of the CheMeleon embedding
feat_0870,float,,Feature 870 of the CheMeleon embedding
feat_0871,float,,Feature 871 of the CheMeleon embedding
feat_0872,float,,Feature 872 of the CheMeleon embedding
feat_0873,float,,Feature 873 of the CheMeleon embedding
feat_0874,float,,Feature 874 of the CheMeleon embedding
feat_0875,float,,Feature 875 of the CheMeleon embedding
feat_0876,float,,Feature 876 of the CheMeleon embedding
feat_0877,float,,Feature 877 of the CheMeleon embedding
feat_0878,float,,Feature 878 of the CheMeleon embedding
feat_0879,float,,Feature 879 of the CheMeleon embedding
feat_0880,float,,Feature 880 of the CheMeleon embedding
feat_0881,float,,Feature 881 of the CheMeleon embedding
feat_0882,float,,Feature 882 of the CheMeleon embedding
feat_0883,float,,Feature 883 of the CheMeleon embedding
feat_0884,float,,Feature 884 of the CheMeleon embedding
feat_0885,float,,Feature 885 of the CheMeleon embedding
feat_0886,float,,Feature 886 of the CheMeleon embedding
feat_0887,float,,Feature 887 of the CheMeleon embedding
feat_0888,float,,Feature 888 of the CheMeleon embedding
feat_0889,float,,Feature 889 of the CheMeleon embedding
feat_0890,float,,Feature 890 of the CheMeleon embedding
feat_0891,float,,Feature 891 of the CheMeleon embedding
feat_0892,float,,Feature 892 of the CheMeleon embedding
feat_0893,float,,Feature 893 of the CheMeleon embedding
feat_0894,float,,Feature 894 of the CheMeleon embedding
feat_0895,float,,Feature 895 of the CheMeleon embedding
feat_0896,float,,Feature 896 of the CheMeleon embedding
feat_0897,float,,Feature 897 of the CheMeleon embedding
feat_0898,float,,Feature 898 of the CheMeleon embedding
feat_0899,float,,Feature 899 of the CheMeleon embedding
feat_0900,float,,Feature 900 of the CheMeleon embedding
feat_0901,float,,Feature 901 of the CheMeleon embedding
feat_0902,float,,Feature 902 of the CheMeleon embedding
feat_0903,float,,Feature 903 of the CheMeleon embedding
feat_0904,float,,Feature 904 of the CheMeleon embedding
feat_0905,float,,Feature 905 of the CheMeleon embedding
feat_0906,float,,Feature 906 of the CheMeleon embedding
feat_0907,float,,Feature 907 of the CheMeleon embedding
feat_0908,float,,Feature 908 of the CheMeleon embedding
feat_0909,float,,Feature 909 of the CheMeleon embedding
feat_0910,float,,Feature 910 of the CheMeleon embedding
feat_0911,float,,Feature 911 of the CheMeleon embedding
feat_0912,float,,Feature 912 of the CheMeleon embedding
feat_0913,float,,Feature 913 of the CheMeleon embedding
feat_0914,float,,Feature 914 of the CheMeleon embedding
feat_0915,float,,Feature 915 of the CheMeleon embedding
feat_0916,float,,Feature 916 of the CheMeleon embedding
feat_0917,float,,Feature 917 of the CheMeleon embedding
feat_0918,float,,Feature 918 of the CheMeleon embedding
feat_0919,float,,Feature 919 of the CheMeleon embedding
feat_0920,float,,Feature 920 of the CheMeleon embedding
feat_0921,float,,Feature 921 of the CheMeleon embedding
feat_0922,float,,Feature 922 of the CheMeleon embedding
feat_0923,float,,Feature 923 of the CheMeleon embedding
feat_0924,float,,Feature 924 of the CheMeleon embedding
feat_0925,float,,Feature 925 of the CheMeleon embedding
feat_0926,float,,Feature 926 of the CheMeleon embedding
feat_0927,float,,Feature 927 of the CheMeleon embedding
feat_0928,float,,Feature 928 of the CheMeleon embedding
feat_0929,float,,Feature 929 of the CheMeleon embedding
feat_0930,float,,Feature 930 of the CheMeleon embedding
feat_0931,float,,Feature 931 of the CheMeleon embedding
feat_0932,float,,Feature 932 of the CheMeleon embedding
feat_0933,float,,Feature 933 of the CheMeleon embedding
feat_0934,float,,Feature 934 of the CheMeleon embedding
feat_0935,float,,Feature 935 of the CheMeleon embedding
feat_0936,float,,Feature 936 of the CheMeleon embedding
feat_0937,float,,Feature 937 of the CheMeleon embedding
feat_0938,float,,Feature 938 of the CheMeleon embedding
feat_0939,float,,Feature 939 of the CheMeleon embedding
feat_0940,float,,Feature 940 of the CheMeleon embedding
feat_0941,float,,Feature 941 of the CheMeleon embedding
feat_0942,float,,Feature 942 of the CheMeleon embedding
feat_0943,float,,Feature 943 of the CheMeleon embedding
feat_0944,float,,Feature 944 of the CheMeleon embedding
feat_0945,float,,Feature 945 of the CheMeleon embedding
feat_0946,float,,Feature 946 of the CheMeleon embedding
feat_0947,float,,Feature 947 of the CheMeleon embedding
feat_0948,float,,Feature 948 of the CheMeleon embedding
feat_0949,float,,Feature 949 of the CheMeleon embedding
feat_0950,float,,Feature 950 of the CheMeleon embedding
feat_0951,float,,Feature 951 of the CheMeleon embedding
feat_0952,float,,Feature 952 of the CheMeleon embedding
feat_0953,float,,Feature 953 of the CheMeleon embedding
feat_0954,float,,Feature 954 of the CheMeleon embedding
feat_0955,float,,Feature 955 of the CheMeleon embedding
feat_0956,float,,Feature 956 of the CheMeleon embedding
feat_0957,float,,Feature 957 of the CheMeleon embedding
feat_0958,float,,Feature 958 of the CheMeleon embedding
feat_0959,float,,Feature 959 of the CheMeleon embedding
feat_0960,float,,Feature 960 of the CheMeleon embedding
feat_0961,float,,Feature 961 of the CheMeleon embedding
feat_0962,float,,Feature 962 of the CheMeleon embedding
feat_0963,float,,Feature 963 of the CheMeleon embedding
feat_0964,float,,Feature 964 of the CheMeleon embedding
feat_0965,float,,Feature 965 of the CheMeleon embedding
feat_0966,float,,Feature 966 of the CheMeleon embedding
feat_0967,float,,Feature 967 of the CheMeleon embedding
feat_0968,float,,Feature 968 of the CheMeleon embedding
feat_0969,float,,Feature 969 of the CheMeleon embedding
feat_0970,float,,Feature 970 of the CheMeleon embedding
feat_0971,float,,Feature 971 of the CheMeleon embedding
feat_0972,float,,Feature 972 of the CheMeleon embedding
feat_0973,float,,Feature 973 of the CheMeleon embedding
feat_0974,float,,Feature 974 of the CheMeleon embedding
feat_0975,float,,Feature 975 of the CheMeleon embedding
feat_0976,float,,Feature 976 of the CheMeleon embedding
feat_0977,float,,Feature 977 of the CheMeleon embedding
feat_0978,float,,Feature 978 of the CheMeleon embedding
feat_0979,float,,Feature 979 of the CheMeleon embedding
feat_0980,float,,Feature 980 of the CheMeleon embedding
feat_0981,float,,Feature 981 of the CheMeleon embedding
feat_0982,float,,Feature 982 of the CheMeleon embedding
feat_0983,float,,Feature 983 of the CheMeleon embedding
feat_0984,float,,Feature 984 of the CheMeleon embedding
feat_0985,float,,Feature 985 of the CheMeleon embedding
feat_0986,float,,Feature 986 of the CheMeleon embedding
feat_0987,float,,Feature 987 of the CheMeleon embedding
feat_0988,float,,Feature 988 of the CheMeleon embedding
feat_0989,float,,Feature 989 of the CheMeleon embedding
feat_0990,float,,Feature 990 of the CheMeleon embedding
feat_0991,float,,Feature 991 of the CheMeleon embedding
feat_0992,float,,Feature 992 of the CheMeleon embedding
feat_0993,float,,Feature 993 of the CheMeleon embedding
feat_0994,float,,Feature 994 of the CheMeleon embedding
feat_0995,float,,Feature 995 of the CheMeleon embedding
feat_0996,float,,Feature 996 of the CheMeleon embedding
feat_0997,float,,Feature 997 of the CheMeleon embedding
feat_0998,float,,Feature 998 of the CheMeleon embedding
feat_0999,float,,Feature 999 of the CheMeleon embedding
feat_1000,float,,Feature 1000 of the CheMeleon embedding
feat_1001,float,,Feature 1001 of the CheMeleon embedding
feat_1002,float,,Feature 1002 of the CheMeleon embedding
feat_1003,float,,Feature 1003 of the CheMeleon embedding
feat_1004,float,,Feature 1004 of the CheMeleon embedding
feat_1005,float,,Feature 1005 of the CheMeleon embedding
feat_1006,float,,Feature 1006 of the CheMeleon embedding
feat_1007,float,,Feature 1007 of the CheMeleon embedding
feat_1008,float,,Feature 1008 of the CheMeleon embedding
feat_1009,float,,Feature 1009 of the CheMeleon embedding
feat_1010,float,,Feature 1010 of the CheMeleon embedding
feat_1011,float,,Feature 1011 of the CheMeleon embedding
feat_1012,float,,Feature 1012 of the CheMeleon embedding
feat_1013,float,,Feature 1013 of the CheMeleon embedding
feat_1014,float,,Feature 1014 of the CheMeleon embedding
feat_1015,float,,Feature 1015 of the CheMeleon embedding
feat_1016,float,,Feature 1016 of the CheMeleon embedding
feat_1017,float,,Feature 1017 of the CheMeleon embedding
feat_1018,float,,Feature 1018 of the CheMeleon embedding
feat_1019,float,,Feature 1019 of the CheMeleon embedding
feat_1020,float,,Feature 1020 of the CheMeleon embedding
feat_1021,float,,Feature 1021 of the CheMeleon embedding
feat_1022,float,,Feature 1022 of the CheMeleon embedding
feat_1023,float,,Feature 1023 of the CheMeleon embedding
feat_1024,float,,Feature 1024 of the CheMeleon embedding
feat_1025,float,,Feature 1025 of the CheMeleon embedding
feat_1026,float,,Feature 1026 of the CheMeleon embedding
feat_1027,float,,Feature 1027 of the CheMeleon embedding
feat_1028,float,,Feature 1028 of the CheMeleon embedding
feat_1029,float,,Feature 1029 of the CheMeleon embedding
feat_1030,float,,Feature 1030 of the CheMeleon embedding
feat_1031,float,,Feature 1031 of the CheMeleon embedding
feat_1032,float,,Feature 1032 of the CheMeleon embedding
feat_1033,float,,Feature 1033 of the CheMeleon embedding
feat_1034,float,,Feature 1034 of the CheMeleon embedding
feat_1035,float,,Feature 1035 of the CheMeleon embedding
feat_1036,float,,Feature 1036 of the CheMeleon embedding
feat_1037,float,,Feature 1037 of the CheMeleon embedding
feat_1038,float,,Feature 1038 of the CheMeleon embedding
feat_1039,float,,Feature 1039 of the CheMeleon embedding
feat_1040,float,,Feature 1040 of the CheMeleon embedding
feat_1041,float,,Feature 1041 of the CheMeleon embedding
feat_1042,float,,Feature 1042 of the CheMeleon embedding
feat_1043,float,,Feature 1043 of the CheMeleon embedding
feat_1044,float,,Feature 1044 of the CheMeleon embedding
feat_1045,float,,Feature 1045 of the CheMeleon embedding
feat_1046,float,,Feature 1046 of the CheMeleon embedding
feat_1047,float,,Feature 1047 of the CheMeleon embedding
feat_1048,float,,Feature 1048 of the CheMeleon embedding
feat_1049,float,,Feature 1049 of the CheMeleon embedding
feat_1050,float,,Feature 1050 of the CheMeleon embedding
feat_1051,float,,Feature 1051 of the CheMeleon embedding
feat_1052,float,,Feature 1052 of the CheMeleon embedding
feat_1053,float,,Feature 1053 of the CheMeleon embedding
feat_1054,float,,Feature 1054 of the CheMeleon embedding
feat_1055,float,,Feature 1055 of the CheMeleon embedding
feat_1056,float,,Feature 1056 of the CheMeleon embedding
feat_1057,float,,Feature 1057 of the CheMeleon embedding
feat_1058,float,,Feature 1058 of the CheMeleon embedding
feat_1059,float,,Feature 1059 of the CheMeleon embedding
feat_1060,float,,Feature 1060 of the CheMeleon embedding
feat_1061,float,,Feature 1061 of the CheMeleon embedding
feat_1062,float,,Feature 1062 of the CheMeleon embedding
feat_1063,float,,Feature 1063 of the CheMeleon embedding
feat_1064,float,,Feature 1064 of the CheMeleon embedding
feat_1065,float,,Feature 1065 of the CheMeleon embedding
feat_1066,float,,Feature 1066 of the CheMeleon embedding
feat_1067,float,,Feature 1067 of the CheMeleon embedding
feat_1068,float,,Feature 1068 of the CheMeleon embedding
feat_1069,float,,Feature 1069 of the CheMeleon embedding
feat_1070,float,,Feature 1070 of the CheMeleon embedding
feat_1071,float,,Feature 1071 of the CheMeleon embedding
feat_1072,float,,Feature 1072 of the CheMeleon embedding
feat_1073,float,,Feature 1073 of the CheMeleon embedding
feat_1074,float,,Feature 1074 of the CheMeleon embedding
feat_1075,float,,Feature 1075 of the CheMeleon embedding
feat_1076,float,,Feature 1076 of the CheMeleon embedding
feat_1077,float,,Feature 1077 of the CheMeleon embedding
feat_1078,float,,Feature 1078 of the CheMeleon embedding
feat_1079,float,,Feature 1079 of the CheMeleon embedding
feat_1080,float,,Feature 1080 of the CheMeleon embedding
feat_1081,float,,Feature 1081 of the CheMeleon embedding
feat_1082,float,,Feature 1082 of the CheMeleon embedding
feat_1083,float,,Feature 1083 of the CheMeleon embedding
feat_1084,float,,Feature 1084 of the CheMeleon embedding
feat_1085,float,,Feature 1085 of the CheMeleon embedding
feat_1086,float,,Feature 1086 of the CheMeleon embedding
feat_1087,float,,Feature 1087 of the CheMeleon embedding
feat_1088,float,,Feature 1088 of the CheMeleon embedding
feat_1089,float,,Feature 1089 of the CheMeleon embedding
feat_1090,float,,Feature 1090 of the CheMeleon embedding
feat_1091,float,,Feature 1091 of the CheMeleon embedding
feat_1092,float,,Feature 1092 of the CheMeleon embedding
feat_1093,float,,Feature 1093 of the CheMeleon embedding
feat_1094,float,,Feature 1094 of the CheMeleon embedding
feat_1095,float,,Feature 1095 of the CheMeleon embedding
feat_1096,float,,Feature 1096 of the CheMeleon embedding
feat_1097,float,,Feature 1097 of the CheMeleon embedding
feat_1098,float,,Feature 1098 of the CheMeleon embedding
feat_1099,float,,Feature 1099 of the CheMeleon embedding
feat_1100,float,,Feature 1100 of the CheMeleon embedding
feat_1101,float,,Feature 1101 of the CheMeleon embedding
feat_1102,float,,Feature 1102 of the CheMeleon embedding
feat_1103,float,,Feature 1103 of the CheMeleon embedding
feat_1104,float,,Feature 1104 of the CheMeleon embedding
feat_1105,float,,Feature 1105 of the CheMeleon embedding
feat_1106,float,,Feature 1106 of the CheMeleon embedding
feat_1107,float,,Feature 1107 of the CheMeleon embedding
feat_1108,float,,Feature 1108 of the CheMeleon embedding
feat_1109,float,,Feature 1109 of the CheMeleon embedding
feat_1110,float,,Feature 1110 of the CheMeleon embedding
feat_1111,float,,Feature 1111 of the CheMeleon embedding
feat_1112,float,,Feature 1112 of the CheMeleon embedding
feat_1113,float,,Feature 1113 of the CheMeleon embedding
feat_1114,float,,Feature 1114 of the CheMeleon embedding
feat_1115,float,,Feature 1115 of the CheMeleon embedding
feat_1116,float,,Feature 1116 of the CheMeleon embedding
feat_1117,float,,Feature 1117 of the CheMeleon embedding
feat_1118,float,,Feature 1118 of the CheMeleon embedding
feat_1119,float,,Feature 1119 of the CheMeleon embedding
feat_1120,float,,Feature 1120 of the CheMeleon embedding
feat_1121,float,,Feature 1121 of the CheMeleon embedding
feat_1122,float,,Feature 1122 of the CheMeleon embedding
feat_1123,float,,Feature 1123 of the CheMeleon embedding
feat_1124,float,,Feature 1124 of the CheMeleon embedding
feat_1125,float,,Feature 1125 of the CheMeleon embedding
feat_1126,float,,Feature 1126 of the CheMeleon embedding
feat_1127,float,,Feature 1127 of the CheMeleon embedding
feat_1128,float,,Feature 1128 of the CheMeleon embedding
feat_1129,float,,Feature 1129 of the CheMeleon embedding
feat_1130,float,,Feature 1130 of the CheMeleon embedding
feat_1131,float,,Feature 1131 of the CheMeleon embedding
feat_1132,float,,Feature 1132 of the CheMeleon embedding
feat_1133,float,,Feature 1133 of the CheMeleon embedding
feat_1134,float,,Feature 1134 of the CheMeleon embedding
feat_1135,float,,Feature 1135 of the CheMeleon embedding
feat_1136,float,,Feature 1136 of the CheMeleon embedding
feat_1137,float,,Feature 1137 of the CheMeleon embedding
feat_1138,float,,Feature 1138 of the CheMeleon embedding
feat_1139,float,,Feature 1139 of the CheMeleon embedding
feat_1140,float,,Feature 1140 of the CheMeleon embedding
feat_1141,float,,Feature 1141 of the CheMeleon embedding
feat_1142,float,,Feature 1142 of the CheMeleon embedding
feat_1143,float,,Feature 1143 of the CheMeleon embedding
feat_1144,float,,Feature 1144 of the CheMeleon embedding
feat_1145,float,,Feature 1145 of the CheMeleon embedding
feat_1146,float,,Feature 1146 of the CheMeleon embedding
feat_1147,float,,Feature 1147 of the CheMeleon embedding
feat_1148,float,,Feature 1148 of the CheMeleon embedding
feat_1149,float,,Feature 1149 of the CheMeleon embedding
feat_1150,float,,Feature 1150 of the CheMeleon embedding
feat_1151,float,,Feature 1151 of the CheMeleon embedding
feat_1152,float,,Feature 1152 of the CheMeleon embedding
feat_1153,float,,Feature 1153 of the CheMeleon embedding
feat_1154,float,,Feature 1154 of the CheMeleon embedding
feat_1155,float,,Feature 1155 of the CheMeleon embedding
feat_1156,float,,Feature 1156 of the CheMeleon embedding
feat_1157,float,,Feature 1157 of the CheMeleon embedding
feat_1158,float,,Feature 1158 of the CheMeleon embedding
feat_1159,float,,Feature 1159 of the CheMeleon embedding
feat_1160,float,,Feature 1160 of the CheMeleon embedding
feat_1161,float,,Feature 1161 of the CheMeleon embedding
feat_1162,float,,Feature 1162 of the CheMeleon embedding
feat_1163,float,,Feature 1163 of the CheMeleon embedding
feat_1164,float,,Feature 1164 of the CheMeleon embedding
feat_1165,float,,Feature 1165 of the CheMeleon embedding
feat_1166,float,,Feature 1166 of the CheMeleon embedding
feat_1167,float,,Feature 1167 of the CheMeleon embedding
feat_1168,float,,Feature 1168 of the CheMeleon embedding
feat_1169,float,,Feature 1169 of the CheMeleon embedding
feat_1170,float,,Feature 1170 of the CheMeleon embedding
feat_1171,float,,Feature 1171 of the CheMeleon embedding
feat_1172,float,,Feature 1172 of the CheMeleon embedding
feat_1173,float,,Feature 1173 of the CheMeleon embedding
feat_1174,float,,Feature 1174 of the CheMeleon embedding
feat_1175,float,,Feature 1175 of the CheMeleon embedding
feat_1176,float,,Feature 1176 of the CheMeleon embedding
feat_1177,float,,Feature 1177 of the CheMeleon embedding
feat_1178,float,,Feature 1178 of the CheMeleon embedding
feat_1179,float,,Feature 1179 of the CheMeleon embedding
feat_1180,float,,Feature 1180 of the CheMeleon embedding
feat_1181,float,,Feature 1181 of the CheMeleon embedding
feat_1182,float,,Feature 1182 of the CheMeleon embedding
feat_1183,float,,Feature 1183 of the CheMeleon embedding
feat_1184,float,,Feature 1184 of the CheMeleon embedding
feat_1185,float,,Feature 1185 of the CheMeleon embedding
feat_1186,float,,Feature 1186 of the CheMeleon embedding
feat_1187,float,,Feature 1187 of the CheMeleon embedding
feat_1188,float,,Feature 1188 of the CheMeleon embedding
feat_1189,float,,Feature 1189 of the CheMeleon embedding
feat_1190,float,,Feature 1190 of the CheMeleon embedding
feat_1191,float,,Feature 1191 of the CheMeleon embedding
feat_1192,float,,Feature 1192 of the CheMeleon embedding
feat_1193,float,,Feature 1193 of the CheMeleon embedding
feat_1194,float,,Feature 1194 of the CheMeleon embedding
feat_1195,float,,Feature 1195 of the CheMeleon embedding
feat_1196,float,,Feature 1196 of the CheMeleon embedding
feat_1197,float,,Feature 1197 of the CheMeleon embedding
feat_1198,float,,Feature 1198 of the CheMeleon embedding
feat_1199,float,,Feature 1199 of the CheMeleon embedding
feat_1200,float,,Feature 1200 of the CheMeleon embedding
feat_1201,float,,Feature 1201 of the CheMeleon embedding
feat_1202,float,,Feature 1202 of the CheMeleon embedding
feat_1203,float,,Feature 1203 of the CheMeleon embedding
feat_1204,float,,Feature 1204 of the CheMeleon embedding
feat_1205,float,,Feature 1205 of the CheMeleon embedding
feat_1206,float,,Feature 1206 of the CheMeleon embedding
feat_1207,float,,Feature 1207 of the CheMeleon embedding
feat_1208,float,,Feature 1208 of the CheMeleon embedding
feat_1209,float,,Feature 1209 of the CheMeleon embedding
feat_1210,float,,Feature 1210 of the CheMeleon embedding
feat_1211,float,,Feature 1211 of the CheMeleon embedding
feat_1212,float,,Feature 1212 of the CheMeleon embedding
feat_1213,float,,Feature 1213 of the CheMeleon embedding
feat_1214,float,,Feature 1214 of the CheMeleon embedding
feat_1215,float,,Feature 1215 of the CheMeleon embedding
feat_1216,float,,Feature 1216 of the CheMeleon embedding
feat_1217,float,,Feature 1217 of the CheMeleon embedding
feat_1218,float,,Feature 1218 of the CheMeleon embedding
feat_1219,float,,Feature 1219 of the CheMeleon embedding
feat_1220,float,,Feature 1220 of the CheMeleon embedding
feat_1221,float,,Feature 1221 of the CheMeleon embedding
feat_1222,float,,Feature 1222 of the CheMeleon embedding
feat_1223,float,,Feature 1223 of the CheMeleon embedding
feat_1224,float,,Feature 1224 of the CheMeleon embedding
feat_1225,float,,Feature 1225 of the CheMeleon embedding
feat_1226,float,,Feature 1226 of the CheMeleon embedding
feat_1227,float,,Feature 1227 of the CheMeleon embedding
feat_1228,float,,Feature 1228 of the CheMeleon embedding
feat_1229,float,,Feature 1229 of the CheMeleon embedding
feat_1230,float,,Feature 1230 of the CheMeleon embedding
feat_1231,float,,Feature 1231 of the CheMeleon embedding
feat_1232,float,,Feature 1232 of the CheMeleon embedding
feat_1233,float,,Feature 1233 of the CheMeleon embedding
feat_1234,float,,Feature 1234 of the CheMeleon embedding
feat_1235,float,,Feature 1235 of the CheMeleon embedding
feat_1236,float,,Feature 1236 of the CheMeleon embedding
feat_1237,float,,Feature 1237 of the CheMeleon embedding
feat_1238,float,,Feature 1238 of the CheMeleon embedding
feat_1239,float,,Feature 1239 of the CheMeleon embedding
feat_1240,float,,Feature 1240 of the CheMeleon embedding
feat_1241,float,,Feature 1241 of the CheMeleon embedding
feat_1242,float,,Feature 1242 of the CheMeleon embedding
feat_1243,float,,Feature 1243 of the CheMeleon embedding
feat_1244,float,,Feature 1244 of the CheMeleon embedding
feat_1245,float,,Feature 1245 of the CheMeleon embedding
feat_1246,float,,Feature 1246 of the CheMeleon embedding
feat_1247,float,,Feature 1247 of the CheMeleon embedding
feat_1248,float,,Feature 1248 of the CheMeleon embedding
feat_1249,float,,Feature 1249 of the CheMeleon embedding
feat_1250,float,,Feature 1250 of the CheMeleon embedding
feat_1251,float,,Feature 1251 of the CheMeleon embedding
feat_1252,float,,Feature 1252 of the CheMeleon embedding
feat_1253,float,,Feature 1253 of the CheMeleon embedding
feat_1254,float,,Feature 1254 of the CheMeleon embedding
feat_1255,float,,Feature 1255 of the CheMeleon embedding
feat_1256,float,,Feature 1256 of the CheMeleon embedding
feat_1257,float,,Feature 1257 of the CheMeleon embedding
feat_1258,float,,Feature 1258 of the CheMeleon embedding
feat_1259,float,,Feature 1259 of the CheMeleon embedding
feat_1260,float,,Feature 1260 of the CheMeleon embedding
feat_1261,float,,Feature 1261 of the CheMeleon embedding
feat_1262,float,,Feature 1262 of the CheMeleon embedding
feat_1263,float,,Feature 1263 of the CheMeleon embedding
feat_1264,float,,Feature 1264 of the CheMeleon embedding
feat_1265,float,,Feature 1265 of the CheMeleon embedding
feat_1266,float,,Feature 1266 of the CheMeleon embedding
feat_1267,float,,Feature 1267 of the CheMeleon embedding
feat_1268,float,,Feature 1268 of the CheMeleon embedding
feat_1269,float,,Feature 1269 of the CheMeleon embedding
feat_1270,float,,Feature 1270 of the CheMeleon embedding
feat_1271,float,,Feature 1271 of the CheMeleon embedding
feat_1272,float,,Feature 1272 of the CheMeleon embedding
feat_1273,float,,Feature 1273 of the CheMeleon embedding
feat_1274,float,,Feature 1274 of the CheMeleon embedding
feat_1275,float,,Feature 1275 of the CheMeleon embedding
feat_1276,float,,Feature 1276 of the CheMeleon embedding
feat_1277,float,,Feature 1277 of the CheMeleon embedding
feat_1278,float,,Feature 1278 of the CheMeleon embedding
feat_1279,float,,Feature 1279 of the CheMeleon embedding
feat_1280,float,,Feature 1280 of the CheMeleon embedding
feat_1281,float,,Feature 1281 of the CheMeleon embedding
feat_1282,float,,Feature 1282 of the CheMeleon embedding
feat_1283,float,,Feature 1283 of the CheMeleon embedding
feat_1284,float,,Feature 1284 of the CheMeleon embedding
feat_1285,float,,Feature 1285 of the CheMeleon embedding
feat_1286,float,,Feature 1286 of the CheMeleon embedding
feat_1287,float,,Feature 1287 of the CheMeleon embedding
feat_1288,float,,Feature 1288 of the CheMeleon embedding
feat_1289,float,,Feature 1289 of the CheMeleon embedding
feat_1290,float,,Feature 1290 of the CheMeleon embedding
feat_1291,float,,Feature 1291 of the CheMeleon embedding
feat_1292,float,,Feature 1292 of the CheMeleon embedding
feat_1293,float,,Feature 1293 of the CheMeleon embedding
feat_1294,float,,Feature 1294 of the CheMeleon embedding
feat_1295,float,,Feature 1295 of the CheMeleon embedding
feat_1296,float,,Feature 1296 of the CheMeleon embedding
feat_1297,float,,Feature 1297 of the CheMeleon embedding
feat_1298,float,,Feature 1298 of the CheMeleon embedding
feat_1299,float,,Feature 1299 of the CheMeleon embedding
feat_1300,float,,Feature 1300 of the CheMeleon embedding
feat_1301,float,,Feature 1301 of the CheMeleon embedding
feat_1302,float,,Feature 1302 of the CheMeleon embedding
feat_1303,float,,Feature 1303 of the CheMeleon embedding
feat_1304,float,,Feature 1304 of the CheMeleon embedding
feat_1305,float,,Feature 1305 of the CheMeleon embedding
feat_1306,float,,Feature 1306 of the CheMeleon embedding
feat_1307,float,,Feature 1307 of the CheMeleon embedding
feat_1308,float,,Feature 1308 of the CheMeleon embedding
feat_1309,float,,Feature 1309 of the CheMeleon embedding
feat_1310,float,,Feature 1310 of the CheMeleon embedding
feat_1311,float,,Feature 1311 of the CheMeleon embedding
feat_1312,float,,Feature 1312 of the CheMeleon embedding
feat_1313,float,,Feature 1313 of the CheMeleon embedding
feat_1314,float,,Feature 1314 of the CheMeleon embedding
feat_1315,float,,Feature 1315 of the CheMeleon embedding
feat_1316,float,,Feature 1316 of the CheMeleon embedding
feat_1317,float,,Feature 1317 of the CheMeleon embedding
feat_1318,float,,Feature 1318 of the CheMeleon embedding
feat_1319,float,,Feature 1319 of the CheMeleon embedding
feat_1320,float,,Feature 1320 of the CheMeleon embedding
feat_1321,float,,Feature 1321 of the CheMeleon embedding
feat_1322,float,,Feature 1322 of the CheMeleon embedding
feat_1323,float,,Feature 1323 of the CheMeleon embedding
feat_1324,float,,Feature 1324 of the CheMeleon embedding
feat_1325,float,,Feature 1325 of the CheMeleon embedding
feat_1326,float,,Feature 1326 of the CheMeleon embedding
feat_1327,float,,Feature 1327 of the CheMeleon embedding
feat_1328,float,,Feature 1328 of the CheMeleon embedding
feat_1329,float,,Feature 1329 of the CheMeleon embedding
feat_1330,float,,Feature 1330 of the CheMeleon embedding
feat_1331,float,,Feature 1331 of the CheMeleon embedding
feat_1332,float,,Feature 1332 of the CheMeleon embedding
feat_1333,float,,Feature 1333 of the CheMeleon embedding
feat_1334,float,,Feature 1334 of the CheMeleon embedding
feat_1335,float,,Feature 1335 of the CheMeleon embedding
feat_1336,float,,Feature 1336 of the CheMeleon embedding
feat_1337,float,,Feature 1337 of the CheMeleon embedding
feat_1338,float,,Feature 1338 of the CheMeleon embedding
feat_1339,float,,Feature 1339 of the CheMeleon embedding
feat_1340,float,,Feature 1340 of the CheMeleon embedding
feat_1341,float,,Feature 1341 of the CheMeleon embedding
feat_1342,float,,Feature 1342 of the CheMeleon embedding
feat_1343,float,,Feature 1343 of the CheMeleon embedding
feat_1344,float,,Feature 1344 of the CheMeleon embedding
feat_1345,float,,Feature 1345 of the CheMeleon embedding
feat_1346,float,,Feature 1346 of the CheMeleon embedding
feat_1347,float,,Feature 1347 of the CheMeleon embedding
feat_1348,float,,Feature 1348 of the CheMeleon embedding
feat_1349,float,,Feature 1349 of the CheMeleon embedding
feat_1350,float,,Feature 1350 of the CheMeleon embedding
feat_1351,float,,Feature 1351 of the CheMeleon embedding
feat_1352,float,,Feature 1352 of the CheMeleon embedding
feat_1353,float,,Feature 1353 of the CheMeleon embedding
feat_1354,float,,Feature 1354 of the CheMeleon embedding
feat_1355,float,,Feature 1355 of the CheMeleon embedding
feat_1356,float,,Feature 1356 of the CheMeleon embedding
feat_1357,float,,Feature 1357 of the CheMeleon embedding
feat_1358,float,,Feature 1358 of the CheMeleon embedding
feat_1359,float,,Feature 1359 of the CheMeleon embedding
feat_1360,float,,Feature 1360 of the CheMeleon embedding
feat_1361,float,,Feature 1361 of the CheMeleon embedding
feat_1362,float,,Feature 1362 of the CheMeleon embedding
feat_1363,float,,Feature 1363 of the CheMeleon embedding
feat_1364,float,,Feature 1364 of the CheMeleon embedding
feat_1365,float,,Feature 1365 of the CheMeleon embedding
feat_1366,float,,Feature 1366 of the CheMeleon embedding
feat_1367,float,,Feature 1367 of the CheMeleon embedding
feat_1368,float,,Feature 1368 of the CheMeleon embedding
feat_1369,float,,Feature 1369 of the CheMeleon embedding
feat_1370,float,,Feature 1370 of the CheMeleon embedding
feat_1371,float,,Feature 1371 of the CheMeleon embedding
feat_1372,float,,Feature 1372 of the CheMeleon embedding
feat_1373,float,,Feature 1373 of the CheMeleon embedding
feat_1374,float,,Feature 1374 of the CheMeleon embedding
feat_1375,float,,Feature 1375 of the CheMeleon embedding
feat_1376,float,,Feature 1376 of the CheMeleon embedding
feat_1377,float,,Feature 1377 of the CheMeleon embedding
feat_1378,float,,Feature 1378 of the CheMeleon embedding
feat_1379,float,,Feature 1379 of the CheMeleon embedding
feat_1380,float,,Feature 1380 of the CheMeleon embedding
feat_1381,float,,Feature 1381 of the CheMeleon embedding
feat_1382,float,,Feature 1382 of the CheMeleon embedding
feat_1383,float,,Feature 1383 of the CheMeleon embedding
feat_1384,float,,Feature 1384 of the CheMeleon embedding
feat_1385,float,,Feature 1385 of the CheMeleon embedding
feat_1386,float,,Feature 1386 of the CheMeleon embedding
feat_1387,float,,Feature 1387 of the CheMeleon embedding
feat_1388,float,,Feature 1388 of the CheMeleon embedding
feat_1389,float,,Feature 1389 of the CheMeleon embedding
feat_1390,float,,Feature 1390 of the CheMeleon embedding
feat_1391,float,,Feature 1391 of the CheMeleon embedding
feat_1392,float,,Feature 1392 of the CheMeleon embedding
feat_1393,float,,Feature 1393 of the CheMeleon embedding
feat_1394,float,,Feature 1394 of the CheMeleon embedding
feat_1395,float,,Feature 1395 of the CheMeleon embedding
feat_1396,float,,Feature 1396 of the CheMeleon embedding
feat_1397,float,,Feature 1397 of the CheMeleon embedding
feat_1398,float,,Feature 1398 of the CheMeleon embedding
feat_1399,float,,Feature 1399 of the CheMeleon embedding
feat_1400,float,,Feature 1400 of the CheMeleon embedding
feat_1401,float,,Feature 1401 of the CheMeleon embedding
feat_1402,float,,Feature 1402 of the CheMeleon embedding
feat_1403,float,,Feature 1403 of the CheMeleon embedding
feat_1404,float,,Feature 1404 of the CheMeleon embedding
feat_1405,float,,Feature 1405 of the CheMeleon embedding
feat_1406,float,,Feature 1406 of the CheMeleon embedding
feat_1407,float,,Feature 1407 of the CheMeleon embedding
feat_1408,float,,Feature 1408 of the CheMeleon embedding
feat_1409,float,,Feature 1409 of the CheMeleon embedding
feat_1410,float,,Feature 1410 of the CheMeleon embedding
feat_1411,float,,Feature 1411 of the CheMeleon embedding
feat_1412,float,,Feature 1412 of the CheMeleon embedding
feat_1413,float,,Feature 1413 of the CheMeleon embedding
feat_1414,float,,Feature 1414 of the CheMeleon embedding
feat_1415,float,,Feature 1415 of the CheMeleon embedding
feat_1416,float,,Feature 1416 of the CheMeleon embedding
feat_1417,float,,Feature 1417 of the CheMeleon embedding
feat_1418,float,,Feature 1418 of the CheMeleon embedding
feat_1419,float,,Feature 1419 of the CheMeleon embedding
feat_1420,float,,Feature 1420 of the CheMeleon embedding
feat_1421,float,,Feature 1421 of the CheMeleon embedding
feat_1422,float,,Feature 1422 of the CheMeleon embedding
feat_1423,float,,Feature 1423 of the CheMeleon embedding
feat_1424,float,,Feature 1424 of the CheMeleon embedding
feat_1425,float,,Feature 1425 of the CheMeleon embedding
feat_1426,float,,Feature 1426 of the CheMeleon embedding
feat_1427,float,,Feature 1427 of the CheMeleon embedding
feat_1428,float,,Feature 1428 of the CheMeleon embedding
feat_1429,float,,Feature 1429 of the CheMeleon embedding
feat_1430,float,,Feature 1430 of the CheMeleon embedding
feat_1431,float,,Feature 1431 of the CheMeleon embedding
feat_1432,float,,Feature 1432 of the CheMeleon embedding
feat_1433,float,,Feature 1433 of the CheMeleon embedding
feat_1434,float,,Feature 1434 of the CheMeleon embedding
feat_1435,float,,Feature 1435 of the CheMeleon embedding
feat_1436,float,,Feature 1436 of the CheMeleon embedding
feat_1437,float,,Feature 1437 of the CheMeleon embedding
feat_1438,float,,Feature 1438 of the CheMeleon embedding
feat_1439,float,,Feature 1439 of the CheMeleon embedding
feat_1440,float,,Feature 1440 of the CheMeleon embedding
feat_1441,float,,Feature 1441 of the CheMeleon embedding
feat_1442,float,,Feature 1442 of the CheMeleon embedding
feat_1443,float,,Feature 1443 of the CheMeleon embedding
feat_1444,float,,Feature 1444 of the CheMeleon embedding
feat_1445,float,,Feature 1445 of the CheMeleon embedding
feat_1446,float,,Feature 1446 of the CheMeleon embedding
feat_1447,float,,Feature 1447 of the CheMeleon embedding
feat_1448,float,,Feature 1448 of the CheMeleon embedding
feat_1449,float,,Feature 1449 of the CheMeleon embedding
feat_1450,float,,Feature 1450 of the CheMeleon embedding
feat_1451,float,,Feature 1451 of the CheMeleon embedding
feat_1452,float,,Feature 1452 of the CheMeleon embedding
feat_1453,float,,Feature 1453 of the CheMeleon embedding
feat_1454,float,,Feature 1454 of the CheMeleon embedding
feat_1455,float,,Feature 1455 of the CheMeleon embedding
feat_1456,float,,Feature 1456 of the CheMeleon embedding
feat_1457,float,,Feature 1457 of the CheMeleon embedding
feat_1458,float,,Feature 1458 of the CheMeleon embedding
feat_1459,float,,Feature 1459 of the CheMeleon embedding
feat_1460,float,,Feature 1460 of the CheMeleon embedding
feat_1461,float,,Feature 1461 of the CheMeleon embedding
feat_1462,float,,Feature 1462 of the CheMeleon embedding
feat_1463,float,,Feature 1463 of the CheMeleon embedding
feat_1464,float,,Feature 1464 of the CheMeleon embedding
feat_1465,float,,Feature 1465 of the CheMeleon embedding
feat_1466,float,,Feature 1466 of the CheMeleon embedding
feat_1467,float,,Feature 1467 of the CheMeleon embedding
feat_1468,float,,Feature 1468 of the CheMeleon embedding
feat_1469,float,,Feature 1469 of the CheMeleon embedding
feat_1470,float,,Feature 1470 of the CheMeleon embedding
feat_1471,float,,Feature 1471 of the CheMeleon embedding
feat_1472,float,,Feature 1472 of the CheMeleon embedding
feat_1473,float,,Feature 1473 of the CheMeleon embedding
feat_1474,float,,Feature 1474 of the CheMeleon embedding
feat_1475,float,,Feature 1475 of the CheMeleon embedding
feat_1476,float,,Feature 1476 of the CheMeleon embedding
feat_1477,float,,Feature 1477 of the CheMeleon embedding
feat_1478,float,,Feature 1478 of the CheMeleon embedding
feat_1479,float,,Feature 1479 of the CheMeleon embedding
feat_1480,float,,Feature 1480 of the CheMeleon embedding
feat_1481,float,,Feature 1481 of the CheMeleon embedding
feat_1482,float,,Feature 1482 of the CheMeleon embedding
feat_1483,float,,Feature 1483 of the CheMeleon embedding
feat_1484,float,,Feature 1484 of the CheMeleon embedding
feat_1485,float,,Feature 1485 of the CheMeleon embedding
feat_1486,float,,Feature 1486 of the CheMeleon embedding
feat_1487,float,,Feature 1487 of the CheMeleon embedding
feat_1488,float,,Feature 1488 of the CheMeleon embedding
feat_1489,float,,Feature 1489 of the CheMeleon embedding
feat_1490,float,,Feature 1490 of the CheMeleon embedding
feat_1491,float,,Feature 1491 of the CheMeleon embedding
feat_1492,float,,Feature 1492 of the CheMeleon embedding
feat_1493,float,,Feature 1493 of the CheMeleon embedding
feat_1494,float,,Feature 1494 of the CheMeleon embedding
feat_1495,float,,Feature 1495 of the CheMeleon embedding
feat_1496,float,,Feature 1496 of the CheMeleon embedding
feat_1497,float,,Feature 1497 of the CheMeleon embedding
feat_1498,float,,Feature 1498 of the CheMeleon embedding
feat_1499,float,,Feature 1499 of the CheMeleon embedding
feat_1500,float,,Feature 1500 of the CheMeleon embedding
feat_1501,float,,Feature 1501 of the CheMeleon embedding
feat_1502,float,,Feature 1502 of the CheMeleon embedding
feat_1503,float,,Feature 1503 of the CheMeleon embedding
feat_1504,float,,Feature 1504 of the CheMeleon embedding
feat_1505,float,,Feature 1505 of the CheMeleon embedding
feat_1506,float,,Feature 1506 of the CheMeleon embedding
feat_1507,float,,Feature 1507 of the CheMeleon embedding
feat_1508,float,,Feature 1508 of the CheMeleon embedding
feat_1509,float,,Feature 1509 of the CheMeleon embedding
feat_1510,float,,Feature 1510 of the CheMeleon embedding
feat_1511,float,,Feature 1511 of the CheMeleon embedding
feat_1512,float,,Feature 1512 of the CheMeleon embedding
feat_1513,float,,Feature 1513 of the CheMeleon embedding
feat_1514,float,,Feature 1514 of the CheMeleon embedding
feat_1515,float,,Feature 1515 of the CheMeleon embedding
feat_1516,float,,Feature 1516 of the CheMeleon embedding
feat_1517,float,,Feature 1517 of the CheMeleon embedding
feat_1518,float,,Feature 1518 of the CheMeleon embedding
feat_1519,float,,Feature 1519 of the CheMeleon embedding
feat_1520,float,,Feature 1520 of the CheMeleon embedding
feat_1521,float,,Feature 1521 of the CheMeleon embedding
feat_1522,float,,Feature 1522 of the CheMeleon embedding
feat_1523,float,,Feature 1523 of the CheMeleon embedding
feat_1524,float,,Feature 1524 of the CheMeleon embedding
feat_1525,float,,Feature 1525 of the CheMeleon embedding
feat_1526,float,,Feature 1526 of the CheMeleon embedding
feat_1527,float,,Feature 1527 of the CheMeleon embedding
feat_1528,float,,Feature 1528 of the CheMeleon embedding
feat_1529,float,,Feature 1529 of the CheMeleon embedding
feat_1530,float,,Feature 1530 of the CheMeleon embedding
feat_1531,float,,Feature 1531 of the CheMeleon embedding
feat_1532,float,,Feature 1532 of the CheMeleon embedding
feat_1533,float,,Feature 1533 of the CheMeleon embedding
feat_1534,float,,Feature 1534 of the CheMeleon embedding
feat_1535,float,,Feature 1535 of the CheMeleon embedding
feat_1536,float,,Feature 1536 of the CheMeleon embedding
feat_1537,float,,Feature 1537 of the CheMeleon embedding
feat_1538,float,,Feature 1538 of the CheMeleon embedding
feat_1539,float,,Feature 1539 of the CheMeleon embedding
feat_1540,float,,Feature 1540 of the CheMeleon embedding
feat_1541,float,,Feature 1541 of the CheMeleon embedding
feat_1542,float,,Feature 1542 of the CheMeleon embedding
feat_1543,float,,Feature 1543 of the CheMeleon embedding
feat_1544,float,,Feature 1544 of the CheMeleon embedding
feat_1545,float,,Feature 1545 of the CheMeleon embedding
feat_1546,float,,Feature 1546 of the CheMeleon embedding
feat_1547,float,,Feature 1547 of the CheMeleon embedding
feat_1548,float,,Feature 1548 of the CheMeleon embedding
feat_1549,float,,Feature 1549 of the CheMeleon embedding
feat_1550,float,,Feature 1550 of the CheMeleon embedding
feat_1551,float,,Feature 1551 of the CheMeleon embedding
feat_1552,float,,Feature 1552 of the CheMeleon embedding
feat_1553,float,,Feature 1553 of the CheMeleon embedding
feat_1554,float,,Feature 1554 of the CheMeleon embedding
feat_1555,float,,Feature 1555 of the CheMeleon embedding
feat_1556,float,,Feature 1556 of the CheMeleon embedding
feat_1557,float,,Feature 1557 of the CheMeleon embedding
feat_1558,float,,Feature 1558 of the CheMeleon embedding
feat_1559,float,,Feature 1559 of the CheMeleon embedding
feat_1560,float,,Feature 1560 of the CheMeleon embedding
feat_1561,float,,Feature 1561 of the CheMeleon embedding
feat_1562,float,,Feature 1562 of the CheMeleon embedding
feat_1563,float,,Feature 1563 of the CheMeleon embedding
feat_1564,float,,Feature 1564 of the CheMeleon embedding
feat_1565,float,,Feature 1565 of the CheMeleon embedding
feat_1566,float,,Feature 1566 of the CheMeleon embedding
feat_1567,float,,Feature 1567 of the CheMeleon embedding
feat_1568,float,,Feature 1568 of the CheMeleon embedding
feat_1569,float,,Feature 1569 of the CheMeleon embedding
feat_1570,float,,Feature 1570 of the CheMeleon embedding
feat_1571,float,,Feature 1571 of the CheMeleon embedding
feat_1572,float,,Feature 1572 of the CheMeleon embedding
feat_1573,float,,Feature 1573 of the CheMeleon embedding
feat_1574,float,,Feature 1574 of the CheMeleon embedding
feat_1575,float,,Feature 1575 of the CheMeleon embedding
feat_1576,float,,Feature 1576 of the CheMeleon embedding
feat_1577,float,,Feature 1577 of the CheMeleon embedding
feat_1578,float,,Feature 1578 of the CheMeleon embedding
feat_1579,float,,Feature 1579 of the CheMeleon embedding
feat_1580,float,,Feature 1580 of the CheMeleon embedding
feat_1581,float,,Feature 1581 of the CheMeleon embedding
feat_1582,float,,Feature 1582 of the CheMeleon embedding
feat_1583,float,,Feature 1583 of the CheMeleon embedding
feat_1584,float,,Feature 1584 of the CheMeleon embedding
feat_1585,float,,Feature 1585 of the CheMeleon embedding
feat_1586,float,,Feature 1586 of the CheMeleon embedding
feat_1587,float,,Feature 1587 of the CheMeleon embedding
feat_1588,float,,Feature 1588 of the CheMeleon embedding
feat_1589,float,,Feature 1589 of the CheMeleon embedding
feat_1590,float,,Feature 1590 of the CheMeleon embedding
feat_1591,float,,Feature 1591 of the CheMeleon embedding
feat_1592,float,,Feature 1592 of the CheMeleon embedding
feat_1593,float,,Feature 1593 of the CheMeleon embedding
feat_1594,float,,Feature 1594 of the CheMeleon embedding
feat_1595,float,,Feature 1595 of the CheMeleon embedding
feat_1596,float,,Feature 1596 of the CheMeleon embedding
feat_1597,float,,Feature 1597 of the CheMeleon embedding
feat_1598,float,,Feature 1598 of the CheMeleon embedding
feat_1599,float,,Feature 1599 of the CheMeleon embedding
feat_1600,float,,Feature 1600 of the CheMeleon embedding
feat_1601,float,,Feature 1601 of the CheMeleon embedding
feat_1602,float,,Feature 1602 of the CheMeleon embedding
feat_1603,float,,Feature 1603 of the CheMeleon embedding
feat_1604,float,,Feature 1604 of the CheMeleon embedding
feat_1605,float,,Feature 1605 of the CheMeleon embedding
feat_1606,float,,Feature 1606 of the CheMeleon embedding
feat_1607,float,,Feature 1607 of the CheMeleon embedding
feat_1608,float,,Feature 1608 of the CheMeleon embedding
feat_1609,float,,Feature 1609 of the CheMeleon embedding
feat_1610,float,,Feature 1610 of the CheMeleon embedding
feat_1611,float,,Feature 1611 of the CheMeleon embedding
feat_1612,float,,Feature 1612 of the CheMeleon embedding
feat_1613,float,,Feature 1613 of the CheMeleon embedding
feat_1614,float,,Feature 1614 of the CheMeleon embedding
feat_1615,float,,Feature 1615 of the CheMeleon embedding
feat_1616,float,,Feature 1616 of the CheMeleon embedding
feat_1617,float,,Feature 1617 of the CheMeleon embedding
feat_1618,float,,Feature 1618 of the CheMeleon embedding
feat_1619,float,,Feature 1619 of the CheMeleon embedding
feat_1620,float,,Feature 1620 of the CheMeleon embedding
feat_1621,float,,Feature 1621 of the CheMeleon embedding
feat_1622,float,,Feature 1622 of the CheMeleon embedding
feat_1623,float,,Feature 1623 of the CheMeleon embedding
feat_1624,float,,Feature 1624 of the CheMeleon embedding
feat_1625,float,,Feature 1625 of the CheMeleon embedding
feat_1626,float,,Feature 1626 of the CheMeleon embedding
feat_1627,float,,Feature 1627 of the CheMeleon embedding
feat_1628,float,,Feature 1628 of the CheMeleon embedding
feat_1629,float,,Feature 1629 of the CheMeleon embedding
feat_1630,float,,Feature 1630 of the CheMeleon embedding
feat_1631,float,,Feature 1631 of the CheMeleon embedding
feat_1632,float,,Feature 1632 of the CheMeleon embedding
feat_1633,float,,Feature 1633 of the CheMeleon embedding
feat_1634,float,,Feature 1634 of the CheMeleon embedding
feat_1635,float,,Feature 1635 of the CheMeleon embedding
feat_1636,float,,Feature 1636 of the CheMeleon embedding
feat_1637,float,,Feature 1637 of the CheMeleon embedding
feat_1638,float,,Feature 1638 of the CheMeleon embedding
feat_1639,float,,Feature 1639 of the CheMeleon embedding
feat_1640,float,,Feature 1640 of the CheMeleon embedding
feat_1641,float,,Feature 1641 of the CheMeleon embedding
feat_1642,float,,Feature 1642 of the CheMeleon embedding
feat_1643,float,,Feature 1643 of the CheMeleon embedding
feat_1644,float,,Feature 1644 of the CheMeleon embedding
feat_1645,float,,Feature 1645 of the CheMeleon embedding
feat_1646,float,,Feature 1646 of the CheMeleon embedding
feat_1647,float,,Feature 1647 of the CheMeleon embedding
feat_1648,float,,Feature 1648 of the CheMeleon embedding
feat_1649,float,,Feature 1649 of the CheMeleon embedding
feat_1650,float,,Feature 1650 of the CheMeleon embedding
feat_1651,float,,Feature 1651 of the CheMeleon embedding
feat_1652,float,,Feature 1652 of the CheMeleon embedding
feat_1653,float,,Feature 1653 of the CheMeleon embedding
feat_1654,float,,Feature 1654 of the CheMeleon embedding
feat_1655,float,,Feature 1655 of the CheMeleon embedding
feat_1656,float,,Feature 1656 of the CheMeleon embedding
feat_1657,float,,Feature 1657 of the CheMeleon embedding
feat_1658,float,,Feature 1658 of the CheMeleon embedding
feat_1659,float,,Feature 1659 of the CheMeleon embedding
feat_1660,float,,Feature 1660 of the CheMeleon embedding
feat_1661,float,,Feature 1661 of the CheMeleon embedding
feat_1662,float,,Feature 1662 of the CheMeleon embedding
feat_1663,float,,Feature 1663 of the CheMeleon embedding
feat_1664,float,,Feature 1664 of the CheMeleon embedding
feat_1665,float,,Feature 1665 of the CheMeleon embedding
feat_1666,float,,Feature 1666 of the CheMeleon embedding
feat_1667,float,,Feature 1667 of the CheMeleon embedding
feat_1668,float,,Feature 1668 of the CheMeleon embedding
feat_1669,float,,Feature 1669 of the CheMeleon embedding
feat_1670,float,,Feature 1670 of the CheMeleon embedding
feat_1671,float,,Feature 1671 of the CheMeleon embedding
feat_1672,float,,Feature 1672 of the CheMeleon embedding
feat_1673,float,,Feature 1673 of the CheMeleon embedding
feat_1674,float,,Feature 1674 of the CheMeleon embedding
feat_1675,float,,Feature 1675 of the CheMeleon embedding
feat_1676,float,,Feature 1676 of the CheMeleon embedding
feat_1677,float,,Feature 1677 of the CheMeleon embedding
feat_1678,float,,Feature 1678 of the CheMeleon embedding
feat_1679,float,,Feature 1679 of the CheMeleon embedding
feat_1680,float,,Feature 1680 of the CheMeleon embedding
feat_1681,float,,Feature 1681 of the CheMeleon embedding
feat_1682,float,,Feature 1682 of the CheMeleon embedding
feat_1683,float,,Feature 1683 of the CheMeleon embedding
feat_1684,float,,Feature 1684 of the CheMeleon embedding
feat_1685,float,,Feature 1685 of the CheMeleon embedding
feat_1686,float,,Feature 1686 of the CheMeleon embedding
feat_1687,float,,Feature 1687 of the CheMeleon embedding
feat_1688,float,,Feature 1688 of the CheMeleon embedding
feat_1689,float,,Feature 1689 of the CheMeleon embedding
feat_1690,float,,Feature 1690 of the CheMeleon embedding
feat_1691,float,,Feature 1691 of the CheMeleon embedding
feat_1692,float,,Feature 1692 of the CheMeleon embedding
feat_1693,float,,Feature 1693 of the CheMeleon embedding
feat_1694,float,,Feature 1694 of the CheMeleon embedding
feat_1695,float,,Feature 1695 of the CheMeleon embedding
feat_1696,float,,Feature 1696 of the CheMeleon embedding
feat_1697,float,,Feature 1697 of the CheMeleon embedding
feat_1698,float,,Feature 1698 of the CheMeleon embedding
feat_1699,float,,Feature 1699 of the CheMeleon embedding
feat_1700,float,,Feature 1700 of the CheMeleon embedding
feat_1701,float,,Feature 1701 of the CheMeleon embedding
feat_1702,float,,Feature 1702 of the CheMeleon embedding
feat_1703,float,,Feature 1703 of the CheMeleon embedding
feat_1704,float,,Feature 1704 of the CheMeleon embedding
feat_1705,float,,Feature 1705 of the CheMeleon embedding
feat_1706,float,,Feature 1706 of the CheMeleon embedding
feat_1707,float,,Feature 1707 of the CheMeleon embedding
feat_1708,float,,Feature 1708 of the CheMeleon embedding
feat_1709,float,,Feature 1709 of the CheMeleon embedding
feat_1710,float,,Feature 1710 of the CheMeleon embedding
feat_1711,float,,Feature 1711 of the CheMeleon embedding
feat_1712,float,,Feature 1712 of the CheMeleon embedding
feat_1713,float,,Feature 1713 of the CheMeleon embedding
feat_1714,float,,Feature 1714 of the CheMeleon embedding
feat_1715,float,,Feature 1715 of the CheMeleon embedding
feat_1716,float,,Feature 1716 of the CheMeleon embedding
feat_1717,float,,Feature 1717 of the CheMeleon embedding
feat_1718,float,,Feature 1718 of the CheMeleon embedding
feat_1719,float,,Feature 1719 of the CheMeleon embedding
feat_1720,float,,Feature 1720 of the CheMeleon embedding
feat_1721,float,,Feature 1721 of the CheMeleon embedding
feat_1722,float,,Feature 1722 of the CheMeleon embedding
feat_1723,float,,Feature 1723 of the CheMeleon embedding
feat_1724,float,,Feature 1724 of the CheMeleon embedding
feat_1725,float,,Feature 1725 of the CheMeleon embedding
feat_1726,float,,Feature 1726 of the CheMeleon embedding
feat_1727,float,,Feature 1727 of the CheMeleon embedding
feat_1728,float,,Feature 1728 of the CheMeleon embedding
feat_1729,float,,Feature 1729 of the CheMeleon embedding
feat_1730,float,,Feature 1730 of the CheMeleon embedding
feat_1731,float,,Feature 1731 of the CheMeleon embedding
feat_1732,float,,Feature 1732 of the CheMeleon embedding
feat_1733,float,,Feature 1733 of the CheMeleon embedding
feat_1734,float,,Feature 1734 of the CheMeleon embedding
feat_1735,float,,Feature 1735 of the CheMeleon embedding
feat_1736,float,,Feature 1736 of the CheMeleon embedding
feat_1737,float,,Feature 1737 of the CheMeleon embedding
feat_1738,float,,Feature 1738 of the CheMeleon embedding
feat_1739,float,,Feature 1739 of the CheMeleon embedding
feat_1740,float,,Feature 1740 of the CheMeleon embedding
feat_1741,float,,Feature 1741 of the CheMeleon embedding
feat_1742,float,,Feature 1742 of the CheMeleon embedding
feat_1743,float,,Feature 1743 of the CheMeleon embedding
feat_1744,float,,Feature 1744 of the CheMeleon embedding
feat_1745,float,,Feature 1745 of the CheMeleon embedding
feat_1746,float,,Feature 1746 of the CheMeleon embedding
feat_1747,float,,Feature 1747 of the CheMeleon embedding
feat_1748,float,,Feature 1748 of the CheMeleon embedding
feat_1749,float,,Feature 1749 of the CheMeleon embedding
feat_1750,float,,Feature 1750 of the CheMeleon embedding
feat_1751,float,,Feature 1751 of the CheMeleon embedding
feat_1752,float,,Feature 1752 of the CheMeleon embedding
feat_1753,float,,Feature 1753 of the CheMeleon embedding
feat_1754,float,,Feature 1754 of the CheMeleon embedding
feat_1755,float,,Feature 1755 of the CheMeleon embedding
feat_1756,float,,Feature 1756 of the CheMeleon embedding
feat_1757,float,,Feature 1757 of the CheMeleon embedding
feat_1758,float,,Feature 1758 of the CheMeleon embedding
feat_1759,float,,Feature 1759 of the CheMeleon embedding
feat_1760,float,,Feature 1760 of the CheMeleon embedding
feat_1761,float,,Feature 1761 of the CheMeleon embedding
feat_1762,float,,Feature 1762 of the CheMeleon embedding
feat_1763,float,,Feature 1763 of the CheMeleon embedding
feat_1764,float,,Feature 1764 of the CheMeleon embedding
feat_1765,float,,Feature 1765 of the CheMeleon embedding
feat_1766,float,,Feature 1766 of the CheMeleon embedding
feat_1767,float,,Feature 1767 of the CheMeleon embedding
feat_1768,float,,Feature 1768 of the CheMeleon embedding
feat_1769,float,,Feature 1769 of the CheMeleon embedding
feat_1770,float,,Feature 1770 of the CheMeleon embedding
feat_1771,float,,Feature 1771 of the CheMeleon embedding
feat_1772,float,,Feature 1772 of the CheMeleon embedding
feat_1773,float,,Feature 1773 of the CheMeleon embedding
feat_1774,float,,Feature 1774 of the CheMeleon embedding
feat_1775,float,,Feature 1775 of the CheMeleon embedding
feat_1776,float,,Feature 1776 of the CheMeleon embedding
feat_1777,float,,Feature 1777 of the CheMeleon embedding
feat_1778,float,,Feature 1778 of the CheMeleon embedding
feat_1779,float,,Feature 1779 of the CheMeleon embedding
feat_1780,float,,Feature 1780 of the CheMeleon embedding
feat_1781,float,,Feature 1781 of the CheMeleon embedding
feat_1782,float,,Feature 1782 of the CheMeleon embedding
feat_1783,float,,Feature 1783 of the CheMeleon embedding
feat_1784,float,,Feature 1784 of the CheMeleon embedding
feat_1785,float,,Feature 1785 of the CheMeleon embedding
feat_1786,float,,Feature 1786 of the CheMeleon embedding
feat_1787,float,,Feature 1787 of the CheMeleon embedding
feat_1788,float,,Feature 1788 of the CheMeleon embedding
feat_1789,float,,Feature 1789 of the CheMeleon embedding
feat_1790,float,,Feature 1790 of the CheMeleon embedding
feat_1791,float,,Feature 1791 of the CheMeleon embedding
feat_1792,float,,Feature 1792 of the CheMeleon embedding
feat_1793,float,,Feature 1793 of the CheMeleon embedding
feat_1794,float,,Feature 1794 of the CheMeleon embedding
feat_1795,float,,Feature 1795 of the CheMeleon embedding
feat_1796,float,,Feature 1796 of the CheMeleon embedding
feat_1797,float,,Feature 1797 of the CheMeleon embedding
feat_1798,float,,Feature 1798 of the CheMeleon embedding
feat_1799,float,,Feature 1799 of the CheMeleon embedding
feat_1800,float,,Feature 1800 of the CheMeleon embedding
feat_1801,float,,Feature 1801 of the CheMeleon embedding
feat_1802,float,,Feature 1802 of the CheMeleon embedding
feat_1803,float,,Feature 1803 of the CheMeleon embedding
feat_1804,float,,Feature 1804 of the CheMeleon embedding
feat_1805,float,,Feature 1805 of the CheMeleon embedding
feat_1806,float,,Feature 1806 of the CheMeleon embedding
feat_1807,float,,Feature 1807 of the CheMeleon embedding
feat_1808,float,,Feature 1808 of the CheMeleon embedding
feat_1809,float,,Feature 1809 of the CheMeleon embedding
feat_1810,float,,Feature 1810 of the CheMeleon embedding
feat_1811,float,,Feature 1811 of the CheMeleon embedding
feat_1812,float,,Feature 1812 of the CheMeleon embedding
feat_1813,float,,Feature 1813 of the CheMeleon embedding
feat_1814,float,,Feature 1814 of the CheMeleon embedding
feat_1815,float,,Feature 1815 of the CheMeleon embedding
feat_1816,float,,Feature 1816 of the CheMeleon embedding
feat_1817,float,,Feature 1817 of the CheMeleon embedding
feat_1818,float,,Feature 1818 of the CheMeleon embedding
feat_1819,float,,Feature 1819 of the CheMeleon embedding
feat_1820,float,,Feature 1820 of the CheMeleon embedding
feat_1821,float,,Feature 1821 of the CheMeleon embedding
feat_1822,float,,Feature 1822 of the CheMeleon embedding
feat_1823,float,,Feature 1823 of the CheMeleon embedding
feat_1824,float,,Feature 1824 of the CheMeleon embedding
feat_1825,float,,Feature 1825 of the CheMeleon embedding
feat_1826,float,,Feature 1826 of the CheMeleon embedding
feat_1827,float,,Feature 1827 of the CheMeleon embedding
feat_1828,float,,Feature 1828 of the CheMeleon embedding
feat_1829,float,,Feature 1829 of the CheMeleon embedding
feat_1830,float,,Feature 1830 of the CheMeleon embedding
feat_1831,float,,Feature 1831 of the CheMeleon embedding
feat_1832,float,,Feature 1832 of the CheMeleon embedding
feat_1833,float,,Feature 1833 of the CheMeleon embedding
feat_1834,float,,Feature 1834 of the CheMeleon embedding
feat_1835,float,,Feature 1835 of the CheMeleon embedding
feat_1836,float,,Feature 1836 of the CheMeleon embedding
feat_1837,float,,Feature 1837 of the CheMeleon embedding
feat_1838,float,,Feature 1838 of the CheMeleon embedding
feat_1839,float,,Feature 1839 of the CheMeleon embedding
feat_1840,float,,Feature 1840 of the CheMeleon embedding
feat_1841,float,,Feature 1841 of the CheMeleon embedding
feat_1842,float,,Feature 1842 of the CheMeleon embedding
feat_1843,float,,Feature 1843 of the CheMeleon embedding
feat_1844,float,,Feature 1844 of the CheMeleon embedding
feat_1845,float,,Feature 1845 of the CheMeleon embedding
feat_1846,float,,Feature 1846 of the CheMeleon embedding
feat_1847,float,,Feature 1847 of the CheMeleon embedding
feat_1848,float,,Feature 1848 of the CheMeleon embedding
feat_1849,float,,Feature 1849 of the CheMeleon embedding
feat_1850,float,,Feature 1850 of the CheMeleon embedding
feat_1851,float,,Feature 1851 of the CheMeleon embedding
feat_1852,float,,Feature 1852 of the CheMeleon embedding
feat_1853,float,,Feature 1853 of the CheMeleon embedding
feat_1854,float,,Feature 1854 of the CheMeleon embedding
feat_1855,float,,Feature 1855 of the CheMeleon embedding
feat_1856,float,,Feature 1856 of the CheMeleon embedding
feat_1857,float,,Feature 1857 of the CheMeleon embedding
feat_1858,float,,Feature 1858 of the CheMeleon embedding
feat_1859,float,,Feature 1859 of the CheMeleon embedding
feat_1860,float,,Feature 1860 of the CheMeleon embedding
feat_1861,float,,Feature 1861 of the CheMeleon embedding
feat_1862,float,,Feature 1862 of the CheMeleon embedding
feat_1863,float,,Feature 1863 of the CheMeleon embedding
feat_1864,float,,Feature 1864 of the CheMeleon embedding
feat_1865,float,,Feature 1865 of the CheMeleon embedding
feat_1866,float,,Feature 1866 of the CheMeleon embedding
feat_1867,float,,Feature 1867 of the CheMeleon embedding
feat_1868,float,,Feature 1868 of the CheMeleon embedding
feat_1869,float,,Feature 1869 of the CheMeleon embedding
feat_1870,float,,Feature 1870 of the CheMeleon embedding
feat_1871,float,,Feature 1871 of the CheMeleon embedding
feat_1872,float,,Feature 1872 of the CheMeleon embedding
feat_1873,float,,Feature 1873 of the CheMeleon embedding
feat_1874,float,,Feature 1874 of the CheMeleon embedding
feat_1875,float,,Feature 1875 of the CheMeleon embedding
feat_1876,float,,Feature 1876 of the CheMeleon embedding
feat_1877,float,,Feature 1877 of the CheMeleon embedding
feat_1878,float,,Feature 1878 of the CheMeleon embedding
feat_1879,float,,Feature 1879 of the CheMeleon embedding
feat_1880,float,,Feature 1880 of the CheMeleon embedding
feat_1881,float,,Feature 1881 of the CheMeleon embedding
feat_1882,float,,Feature 1882 of the CheMeleon embedding
feat_1883,float,,Feature 1883 of the CheMeleon embedding
feat_1884,float,,Feature 1884 of the CheMeleon embedding
feat_1885,float,,Feature 1885 of the CheMeleon embedding
feat_1886,float,,Feature 1886 of the CheMeleon embedding
feat_1887,float,,Feature 1887 of the CheMeleon embedding
feat_1888,float,,Feature 1888 of the CheMeleon embedding
feat_1889,float,,Feature 1889 of the CheMeleon embedding
feat_1890,float,,Feature 1890 of the CheMeleon embedding
feat_1891,float,,Feature 1891 of the CheMeleon embedding
feat_1892,float,,Feature 1892 of the CheMeleon embedding
feat_1893,float,,Feature 1893 of the CheMeleon embedding
feat_1894,float,,Feature 1894 of the CheMeleon embedding
feat_1895,float,,Feature 1895 of the CheMeleon embedding
feat_1896,float,,Feature 1896 of the CheMeleon embedding
feat_1897,float,,Feature 1897 of the CheMeleon embedding
feat_1898,float,,Feature 1898 of the CheMeleon embedding
feat_1899,float,,Feature 1899 of the CheMeleon embedding
feat_1900,float,,Feature 1900 of the CheMeleon embedding
feat_1901,float,,Feature 1901 of the CheMeleon embedding
feat_1902,float,,Feature 1902 of the CheMeleon embedding
feat_1903,float,,Feature 1903 of the CheMeleon embedding
feat_1904,float,,Feature 1904 of the CheMeleon embedding
feat_1905,float,,Feature 1905 of the CheMeleon embedding
feat_1906,float,,Feature 1906 of the CheMeleon embedding
feat_1907,float,,Feature 1907 of the CheMeleon embedding
feat_1908,float,,Feature 1908 of the CheMeleon embedding
feat_1909,float,,Feature 1909 of the CheMeleon embedding
feat_1910,float,,Feature 1910 of the CheMeleon embedding
feat_1911,float,,Feature 1911 of the CheMeleon embedding
feat_1912,float,,Feature 1912 of the CheMeleon embedding
feat_1913,float,,Feature 1913 of the CheMeleon embedding
feat_1914,float,,Feature 1914 of the CheMeleon embedding
feat_1915,float,,Feature 1915 of the CheMeleon embedding
feat_1916,float,,Feature 1916 of the CheMeleon embedding
feat_1917,float,,Feature 1917 of the CheMeleon embedding
feat_1918,float,,Feature 1918 of the CheMeleon embedding
feat_1919,float,,Feature 1919 of the CheMeleon embedding
feat_1920,float,,Feature 1920 of the CheMeleon embedding
feat_1921,float,,Feature 1921 of the CheMeleon embedding
feat_1922,float,,Feature 1922 of the CheMeleon embedding
feat_1923,float,,Feature 1923 of the CheMeleon embedding
feat_1924,float,,Feature 1924 of the CheMeleon embedding
feat_1925,float,,Feature 1925 of the CheMeleon embedding
feat_1926,float,,Feature 1926 of the CheMeleon embedding
feat_1927,float,,Feature 1927 of the CheMeleon embedding
feat_1928,float,,Feature 1928 of the CheMeleon embedding
feat_1929,float,,Feature 1929 of the CheMeleon embedding
feat_1930,float,,Feature 1930 of the CheMeleon embedding
feat_1931,float,,Feature 1931 of the CheMeleon embedding
feat_1932,float,,Feature 1932 of the CheMeleon embedding
feat_1933,float,,Feature 1933 of the CheMeleon embedding
feat_1934,float,,Feature 1934 of the CheMeleon embedding
feat_1935,float,,Feature 1935 of the CheMeleon embedding
feat_1936,float,,Feature 1936 of the CheMeleon embedding
feat_1937,float,,Feature 1937 of the CheMeleon embedding
feat_1938,float,,Feature 1938 of the CheMeleon embedding
feat_1939,float,,Feature 1939 of the CheMeleon embedding
feat_1940,float,,Feature 1940 of the CheMeleon embedding
feat_1941,float,,Feature 1941 of the CheMeleon embedding
feat_1942,float,,Feature 1942 of the CheMeleon embedding
feat_1943,float,,Feature 1943 of the CheMeleon embedding
feat_1944,float,,Feature 1944 of the CheMeleon embedding
feat_1945,float,,Feature 1945 of the CheMeleon embedding
feat_1946,float,,Feature 1946 of the CheMeleon embedding
feat_1947,float,,Feature 1947 of the CheMeleon embedding
feat_1948,float,,Feature 1948 of the CheMeleon embedding
feat_1949,float,,Feature 1949 of the CheMeleon embedding
feat_1950,float,,Feature 1950 of the CheMeleon embedding
feat_1951,float,,Feature 1951 of the CheMeleon embedding
feat_1952,float,,Feature 1952 of the CheMeleon embedding
feat_1953,float,,Feature 1953 of the CheMeleon embedding
feat_1954,float,,Feature 1954 of the CheMeleon embedding
feat_1955,float,,Feature 1955 of the CheMeleon embedding
feat_1956,float,,Feature 1956 of the CheMeleon embedding
feat_1957,float,,Feature 1957 of the CheMeleon embedding
feat_1958,float,,Feature 1958 of the CheMeleon embedding
feat_1959,float,,Feature 1959 of the CheMeleon embedding
feat_1960,float,,Feature 1960 of the CheMeleon embedding
feat_1961,float,,Feature 1961 of the CheMeleon embedding
feat_1962,float,,Feature 1962 of the CheMeleon embedding
feat_1963,float,,Feature 1963 of the CheMeleon embedding
feat_1964,float,,Feature 1964 of the CheMeleon embedding
feat_1965,float,,Feature 1965 of the CheMeleon embedding
feat_1966,float,,Feature 1966 of the CheMeleon embedding
feat_1967,float,,Feature 1967 of the CheMeleon embedding
feat_1968,float,,Feature 1968 of the CheMeleon embedding
feat_1969,float,,Feature 1969 of the CheMeleon embedding
feat_1970,float,,Feature 1970 of the CheMeleon embedding
feat_1971,float,,Feature 1971 of the CheMeleon embedding
feat_1972,float,,Feature 1972 of the CheMeleon embedding
feat_1973,float,,Feature 1973 of the CheMeleon embedding
feat_1974,float,,Feature 1974 of the CheMeleon embedding
feat_1975,float,,Feature 1975 of the CheMeleon embedding
feat_1976,float,,Feature 1976 of the CheMeleon embedding
feat_1977,float,,Feature 1977 of the CheMeleon embedding
feat_1978,float,,Feature 1978 of the CheMeleon embedding
feat_1979,float,,Feature 1979 of the CheMeleon embedding
feat_1980,float,,Feature 1980 of the CheMeleon embedding
feat_1981,float,,Feature 1981 of the CheMeleon embedding
feat_1982,float,,Feature 1982 of the CheMeleon embedding
feat_1983,float,,Feature 1983 of the CheMeleon embedding
feat_1984,float,,Feature 1984 of the CheMeleon embedding
feat_1985,float,,Feature 1985 of the CheMeleon embedding
feat_1986,float,,Feature 1986 of the CheMeleon embedding
feat_1987,float,,Feature 1987 of the CheMeleon embedding
feat_1988,float,,Feature 1988 of the CheMeleon embedding
feat_1989,float,,Feature 1989 of the CheMeleon embedding
feat_1990,float,,Feature 1990 of the CheMeleon embedding
feat_1991,float,,Feature 1991 of the CheMeleon embedding
feat_1992,float,,Feature 1992 of the CheMeleon embedding
feat_1993,float,,Feature 1993 of the CheMeleon embedding
feat_1994,float,,Feature 1994 of the CheMeleon embedding
feat_1995,float,,Feature 1995 of the CheMeleon embedding
feat_1996,float,,Feature 1996 of the CheMeleon embedding
feat_1997,float,,Feature 1997 of the CheMeleon embedding
feat_1998,float,,Feature 1998 of the CheMeleon embedding
feat_1999,float,,Feature 1999 of the CheMeleon embedding
feat_2000,float,,Feature 2000 of the CheMeleon embedding
feat_2001,float,,Feature 2001 of the CheMeleon embedding
feat_2002,float,,Feature 2002 of the CheMeleon embedding
feat_2003,float,,Feature 2003 of the CheMeleon embedding
feat_2004,float,,Feature 2004 of the CheMeleon embedding
feat_2005,float,,Feature 2005 of the CheMeleon embedding
feat_2006,float,,Feature 2006 of the CheMeleon embedding
feat_2007,float,,Feature 2007 of the CheMeleon embedding
feat_2008,float,,Feature 2008 of the CheMeleon embedding
feat_2009,float,,Feature 2009 of the CheMeleon embedding
feat_2010,float,,Feature 2010 of the CheMeleon embedding
feat_2011,float,,Feature 2011 of the CheMeleon embedding
feat_2012,float,,Feature 2012 of the CheMeleon embedding
feat_2013,float,,Feature 2013 of the CheMeleon embedding
feat_2014,float,,Feature 2014 of the CheMeleon embedding
feat_2015,float,,Feature 2015 of the CheMeleon embedding
feat_2016,float,,Feature 2016 of the CheMeleon embedding
feat_2017,float,,Feature 2017 of the CheMeleon embedding
feat_2018,float,,Feature 2018 of the CheMeleon embedding
feat_2019,float,,Feature 2019 of the CheMeleon embedding
feat_2020,float,,Feature 2020 of the CheMeleon embedding
feat_2021,float,,Feature 2021 of the CheMeleon embedding
feat_2022,float,,Feature 2022 of the CheMeleon embedding
feat_2023,float,,Feature 2023 of the CheMeleon embedding
feat_2024,float,,Feature 2024 of the CheMeleon embedding
feat_2025,float,,Feature 2025 of the CheMeleon embedding
feat_2026,float,,Feature 2026 of the CheMeleon embedding
feat_2027,float,,Feature 2027 of the CheMeleon embedding
feat_2028,float,,Feature 2028 of the CheMeleon embedding
feat_2029,float,,Feature 2029 of the CheMeleon embedding
feat_2030,float,,Feature 2030 of the CheMeleon embedding
feat_2031,float,,Feature 2031 of the CheMeleon embedding
feat_2032,float,,Feature 2032 of the CheMeleon embedding
feat_2033,float,,Feature 2033 of the CheMeleon embedding
feat_2034,float,,Feature 2034 of the CheMeleon embedding
feat_2035,float,,Feature 2035 of the CheMeleon embedding
feat_2036,float,,Feature 2036 of the CheMeleon embedding
feat_2037,float,,Feature 2037 of the CheMeleon embedding
feat_2038,float,,Feature 2038 of the CheMeleon embedding
feat_2039,float,,Feature 2039 of the CheMeleon embedding
feat_2040,float,,Feature 2040 of the CheMeleon embedding
feat_2041,float,,Feature 2041 of the CheMeleon embedding
feat_2042,float,,Feature 2042 of the CheMeleon embedding
feat_2043,float,,Feature 2043 of the CheMeleon embedding
feat_2044,float,,Feature 2044 of the CheMeleon embedding
feat_2045,float,,Feature 2045 of the CheMeleon embedding
feat_2046,float,,Feature 2046 of the CheMeleon embedding
feat_2047,float,,Feature 2047 of the CheMeleon embedding